country,year,crop,yield_hg_ha
Canada,2001,"anise,_badian,_fennel,_coriander",3279.0
Canada,2002,"anise,_badian,_fennel,_coriander",5672.0
Canada,2003,"anise,_badian,_fennel,_coriander",5634.0
Canada,2004,"anise,_badian,_fennel,_coriander",7376.0
Canada,2005,"anise,_badian,_fennel,_coriander",9570.0
Canada,2006,"anise,_badian,_fennel,_coriander",7935.0
Canada,2007,"anise,_badian,_fennel,_coriander",7639.0
Canada,2008,"anise,_badian,_fennel,_coriander",7542.0
Canada,2009,"anise,_badian,_fennel,_coriander",7018.0
Canada,2010,"anise,_badian,_fennel,_coriander",7575.0
Canada,2011,"anise,_badian,_fennel,_coriander",8409.0
Canada,2012,"anise,_badian,_fennel,_coriander",8353.0
Canada,2013,"anise,_badian,_fennel,_coriander",8549.0
Canada,2014,"anise,_badian,_fennel,_coriander",8612.0
Canada,2015,"anise,_badian,_fennel,_coriander",8754.0
Canada,2016,"anise,_badian,_fennel,_coriander",8674.0
Canada,2017,"anise,_badian,_fennel,_coriander",8756.0
Canada,2018,"anise,_badian,_fennel,_coriander",8837.0
Canada,2019,"anise,_badian,_fennel,_coriander",8918.0
Canada,1961,apples,104761.0
Canada,1962,apples,104604.0
Canada,1963,apples,104720.0
Canada,1964,apples,104785.0
Canada,1965,apples,104672.0
Canada,1966,apples,104653.0
Canada,1967,apples,104610.0
Canada,1968,apples,104673.0
Canada,1969,apples,104751.0
Canada,1970,apples,102404.0
Canada,1971,apples,104725.0
Canada,1972,apples,104916.0
Canada,1973,apples,104604.0
Canada,1974,apples,104779.0
Canada,1975,apples,104788.0
Canada,1976,apples,104755.0
Canada,1977,apples,104794.0
Canada,1978,apples,104688.0
Canada,1979,apples,104669.0
Canada,1980,apples,104617.0
Canada,1981,apples,123821.0
Canada,1982,apples,123705.0
Canada,1983,apples,123750.0
Canada,1984,apples,123858.0
Canada,1985,apples,140766.0
Canada,1986,apples,155270.0
Canada,1987,apples,163350.0
Canada,1988,apples,169715.0
Canada,1989,apples,169981.0
Canada,1990,apples,164579.0
Canada,1991,apples,157117.0
Canada,1992,apples,175477.0
Canada,1993,apples,147521.0
Canada,1994,apples,166355.0
Canada,1995,apples,190922.0
Canada,1996,apples,174728.0
Canada,1997,apples,180932.0
Canada,1998,apples,193204.0
Canada,1999,apples,237490.0
Canada,2000,apples,218419.0
Canada,2001,apples,216806.0
Canada,2002,apples,174927.0
Canada,2003,apples,194310.0
Canada,2004,apples,193487.0
Canada,2005,apples,211301.0
Canada,2006,apples,202796.0
Canada,2007,apples,243757.0
Canada,2008,apples,239700.0
Canada,2009,apples,253975.0
Canada,2010,apples,228393.0
Canada,2011,apples,254084.0
Canada,2012,apples,177194.0
Canada,2013,apples,266368.0
Canada,2014,apples,258183.0
Canada,2015,apples,221458.0
Canada,2016,apples,263333.0
Canada,2017,apples,257547.0
Canada,2018,apples,256022.0
Canada,2019,apples,248083.0
Canada,1961,apricots,76076.0
Canada,1962,apricots,75602.0
Canada,1963,apricots,75100.0
Canada,1964,apricots,75664.0
Canada,1965,apricots,75500.0
Canada,1966,apricots,75333.0
Canada,1967,apricots,74700.0
Canada,1968,apricots,76256.0
Canada,1969,apricots,7400.0
Canada,1970,apricots,74891.0
Canada,1971,apricots,75743.0
Canada,1972,apricots,75053.0
Canada,1973,apricots,76295.0
Canada,1974,apricots,75921.0
Canada,1975,apricots,75800.0
Canada,1976,apricots,75676.0
Canada,1977,apricots,75314.0
Canada,1978,apricots,76576.0
Canada,1979,apricots,75632.0
Canada,1980,apricots,76457.0
Canada,1981,apricots,50128.0
Canada,1982,apricots,50255.0
Canada,1983,apricots,50465.0
Canada,1984,apricots,50500.0
Canada,1985,apricots,50533.0
Canada,1986,apricots,49787.0
Canada,1987,apricots,49982.0
Canada,1988,apricots,50551.0
Canada,1989,apricots,49815.0
Canada,1990,apricots,50154.0
Canada,1991,apricots,24180.0
Canada,1992,apricots,44251.0
Canada,1993,apricots,39918.0
Canada,1994,apricots,64410.0
Canada,1995,apricots,73431.0
Canada,1996,apricots,40952.0
Canada,1997,apricots,56100.0
Canada,1998,apricots,38889.0
Canada,1999,apricots,38800.0
Canada,2000,apricots,51287.0
Canada,2001,apricots,65865.0
Canada,2002,apricots,49100.0
Canada,2003,apricots,58095.0
Canada,2004,apricots,62500.0
Canada,2005,apricots,98598.0
Canada,2006,apricots,65039.0
Canada,2007,apricots,53554.0
Canada,2008,apricots,56458.0
Canada,2009,apricots,92222.0
Canada,2010,apricots,68778.0
Canada,2011,apricots,40465.0
Canada,2012,apricots,54046.0
Canada,2013,apricots,53659.0
Canada,2014,apricots,84779.0
Canada,2015,apricots,96694.0
Canada,2016,apricots,92362.0
Canada,2017,apricots,93514.0
Canada,2018,apricots,96126.0
Canada,2019,apricots,87679.0
Canada,1961,asparagus,16946.0
Canada,1962,asparagus,16990.0
Canada,1963,asparagus,16954.0
Canada,1964,asparagus,16896.0
Canada,1965,asparagus,17083.0
Canada,1966,asparagus,15944.0
Canada,1967,asparagus,16222.0
Canada,1968,asparagus,18183.0
Canada,1969,asparagus,19566.0
Canada,1970,asparagus,20532.0
Canada,1971,asparagus,20323.0
Canada,1972,asparagus,18720.0
Canada,1973,asparagus,21835.0
Canada,1974,asparagus,19346.0
Canada,1975,asparagus,17926.0
Canada,1976,asparagus,15899.0
Canada,1977,asparagus,17634.0
Canada,1978,asparagus,16971.0
Canada,1979,asparagus,17040.0
Canada,1980,asparagus,15193.0
Canada,1981,asparagus,16151.0
Canada,1982,asparagus,14160.0
Canada,1983,asparagus,12308.0
Canada,1984,asparagus,12292.0
Canada,1985,asparagus,13483.0
Canada,1986,asparagus,15148.0
Canada,1987,asparagus,12939.0
Canada,1988,asparagus,15002.0
Canada,1989,asparagus,17339.0
Canada,1990,asparagus,17718.0
Canada,1991,asparagus,16791.0
Canada,1992,asparagus,19693.0
Canada,1993,asparagus,19500.0
Canada,1994,asparagus,18234.0
Canada,1995,asparagus,21975.0
Canada,1996,asparagus,20325.0
Canada,1997,asparagus,16289.0
Canada,1998,asparagus,19243.0
Canada,1999,asparagus,21523.0
Canada,2000,asparagus,23759.0
Canada,2001,asparagus,23680.0
Canada,2002,asparagus,22826.0
Canada,2003,asparagus,24028.0
Canada,2004,asparagus,23476.0
Canada,2005,asparagus,28802.0
Canada,2006,asparagus,30536.0
Canada,2007,asparagus,28080.0
Canada,2008,asparagus,29002.0
Canada,2009,asparagus,42124.0
Canada,2010,asparagus,36757.0
Canada,2011,asparagus,41939.0
Canada,2012,asparagus,40574.0
Canada,2013,asparagus,45878.0
Canada,2014,asparagus,37957.0
Canada,2015,asparagus,43873.0
Canada,2016,asparagus,46399.0
Canada,2017,asparagus,44140.0
Canada,2018,asparagus,44548.0
Canada,2019,asparagus,47406.0
Canada,1961,barley,10961.0
Canada,1962,barley,16880.0
Canada,1963,barley,19268.0
Canada,1964,barley,16495.0
Canada,1965,barley,19187.0
Canada,1966,barley,21721.0
Canada,1967,barley,16751.0
Canada,1968,barley,19811.0
Canada,1969,barley,21345.0
Canada,1970,barley,22202.0
Canada,1971,barley,23152.0
Canada,1972,barley,22293.0
Canada,1973,barley,21126.0
Canada,1974,barley,18409.0
Canada,1975,barley,21311.0
Canada,1976,barley,24149.0
Canada,1977,barley,24836.0
Canada,1978,barley,24376.0
Canada,1979,barley,22733.0
Canada,1980,barley,24309.0
Canada,1981,barley,25063.0
Canada,1982,barley,27124.0
Canada,1983,barley,23562.0
Canada,1984,barley,22594.0
Canada,1985,barley,26076.0
Canada,1986,barley,30170.0
Canada,1987,barley,27891.0
Canada,1988,barley,24603.0
Canada,1989,barley,24929.0
Canada,1990,barley,29680.0
Canada,1991,barley,27549.0
Canada,1992,barley,29090.0
Canada,1993,barley,31190.0
Canada,1994,barley,28566.0
Canada,1995,barley,29868.0
Canada,1996,barley,31838.0
Canada,1997,barley,28783.0
Canada,1998,barley,29748.0
Canada,1999,barley,32428.0
Canada,2000,barley,29607.0
Canada,2001,barley,26137.0
Canada,2002,barley,22346.0
Canada,2003,barley,27664.0
Canada,2004,barley,32694.0
Canada,2005,barley,32134.0
Canada,2006,barley,29703.0
Canada,2007,barley,27527.0
Canada,2008,barley,33639.0
Canada,2009,barley,32613.0
Canada,2010,barley,31858.0
Canada,2011,barley,32861.0
Canada,2012,barley,28981.0
Canada,2013,barley,38259.0
Canada,2014,barley,32839.0
Canada,2015,barley,35100.0
Canada,2016,barley,39014.0
Canada,2017,barley,37338.0
Canada,2018,barley,34985.0
Canada,2019,barley,38066.0
Canada,1961,"beans,_dry",11874.0
Canada,1962,"beans,_dry",14118.0
Canada,1963,"beans,_dry",14059.0
Canada,1964,"beans,_dry",14518.0
Canada,1965,"beans,_dry",15047.0
Canada,1966,"beans,_dry",14626.0
Canada,1967,"beans,_dry",17079.0
Canada,1968,"beans,_dry",11306.0
Canada,1969,"beans,_dry",13347.0
Canada,1970,"beans,_dry",15606.0
Canada,1971,"beans,_dry",14169.0
Canada,1972,"beans,_dry",15405.0
Canada,1973,"beans,_dry",15470.0
Canada,1974,"beans,_dry",13020.0
Canada,1975,"beans,_dry",14721.0
Canada,1976,"beans,_dry",13630.0
Canada,1977,"beans,_dry",7171.0
Canada,1978,"beans,_dry",12509.0
Canada,1979,"beans,_dry",24259.0
Canada,1980,"beans,_dry",22578.0
Canada,1981,"beans,_dry",14539.0
Canada,1982,"beans,_dry",15303.0
Canada,1983,"beans,_dry",14036.0
Canada,1984,"beans,_dry",14836.0
Canada,1985,"beans,_dry",16071.0
Canada,1986,"beans,_dry",9565.0
Canada,1987,"beans,_dry",22081.0
Canada,1988,"beans,_dry",23294.0
Canada,1989,"beans,_dry",16000.0
Canada,1990,"beans,_dry",19194.0
Canada,1991,"beans,_dry",13813.0
Canada,1992,"beans,_dry",11491.0
Canada,1993,"beans,_dry",16208.0
Canada,1994,"beans,_dry",21472.0
Canada,1995,"beans,_dry",19361.0
Canada,1996,"beans,_dry",15909.0
Canada,1997,"beans,_dry",18301.0
Canada,1998,"beans,_dry",19712.0
Canada,1999,"beans,_dry",18979.0
Canada,2000,"beans,_dry",16503.0
Canada,2001,"beans,_dry",16992.0
Canada,2002,"beans,_dry",18930.0
Canada,2003,"beans,_dry",21293.0
Canada,2004,"beans,_dry",17732.0
Canada,2005,"beans,_dry",18299.0
Canada,2006,"beans,_dry",21123.0
Canada,2007,"beans,_dry",18132.0
Canada,2008,"beans,_dry",21211.0
Canada,2009,"beans,_dry",19685.0
Canada,2010,"beans,_dry",20103.0
Canada,2011,"beans,_dry",21812.0
Canada,2012,"beans,_dry",22734.0
Canada,2013,"beans,_dry",24224.0
Canada,2014,"beans,_dry",22824.0
Canada,2015,"beans,_dry",23305.0
Canada,2016,"beans,_dry",21006.0
Canada,2017,"beans,_dry",24517.0
Canada,2018,"beans,_dry",24880.0
Canada,2019,"beans,_dry",21092.0
Canada,1961,"beans,_green",43542.0
Canada,1962,"beans,_green",40287.0
Canada,1963,"beans,_green",38408.0
Canada,1964,"beans,_green",39638.0
Canada,1965,"beans,_green",41430.0
Canada,1966,"beans,_green",47892.0
Canada,1967,"beans,_green",44319.0
Canada,1968,"beans,_green",45214.0
Canada,1969,"beans,_green",44584.0
Canada,1970,"beans,_green",46307.0
Canada,1971,"beans,_green",48501.0
Canada,1972,"beans,_green",38846.0
Canada,1973,"beans,_green",44489.0
Canada,1974,"beans,_green",45483.0
Canada,1975,"beans,_green",47462.0
Canada,1976,"beans,_green",47822.0
Canada,1977,"beans,_green",49925.0
Canada,1978,"beans,_green",53890.0
Canada,1979,"beans,_green",52174.0
Canada,1980,"beans,_green",56126.0
Canada,1981,"beans,_green",50812.0
Canada,1982,"beans,_green",51413.0
Canada,1983,"beans,_green",57093.0
Canada,1984,"beans,_green",61811.0
Canada,1985,"beans,_green",56187.0
Canada,1986,"beans,_green",48382.0
Canada,1987,"beans,_green",54343.0
Canada,1988,"beans,_green",57258.0
Canada,1989,"beans,_green",59109.0
Canada,1990,"beans,_green",63479.0
Canada,1991,"beans,_green",63590.0
Canada,1992,"beans,_green",66185.0
Canada,1993,"beans,_green",58798.0
Canada,1994,"beans,_green",65518.0
Canada,1995,"beans,_green",49266.0
Canada,1996,"beans,_green",51196.0
Canada,1997,"beans,_green",51227.0
Canada,1998,"beans,_green",66041.0
Canada,1999,"beans,_green",62316.0
Canada,2000,"beans,_green",61793.0
Canada,2001,"beans,_green",42519.0
Canada,2002,"beans,_green",52108.0
Canada,2003,"beans,_green",61708.0
Canada,2004,"beans,_green",70569.0
Canada,2005,"beans,_green",61329.0
Canada,2006,"beans,_green",58356.0
Canada,2007,"beans,_green",57518.0
Canada,2008,"beans,_green",62480.0
Canada,2009,"beans,_green",55214.0
Canada,2010,"beans,_green",63906.0
Canada,2011,"beans,_green",64994.0
Canada,2012,"beans,_green",72379.0
Canada,2013,"beans,_green",69052.0
Canada,2014,"beans,_green",80851.0
Canada,2015,"beans,_green",72743.0
Canada,2016,"beans,_green",77198.0
Canada,2017,"beans,_green",75329.0
Canada,2018,"beans,_green",79847.0
Canada,2019,"beans,_green",85908.0
Canada,1961,blueberries,29264.0
Canada,1962,blueberries,30058.0
Canada,1963,blueberries,27859.0
Canada,1964,blueberries,29028.0
Canada,1965,blueberries,28979.0
Canada,1966,blueberries,27892.0
Canada,1967,blueberries,28816.0
Canada,1968,blueberries,25031.0
Canada,1969,blueberries,27996.0
Canada,1970,blueberries,28991.0
Canada,1971,blueberries,29120.0
Canada,1972,blueberries,29010.0
Canada,1973,blueberries,28019.0
Canada,1974,blueberries,28993.0
Canada,1975,blueberries,27994.0
Canada,1976,blueberries,28635.0
Canada,1977,blueberries,31408.0
Canada,1978,blueberries,29128.0
Canada,1979,blueberries,33204.0
Canada,1980,blueberries,25272.0
Canada,1981,blueberries,29085.0
Canada,1982,blueberries,28335.0
Canada,1983,blueberries,28904.0
Canada,1984,blueberries,28908.0
Canada,1985,blueberries,29131.0
Canada,1986,blueberries,25197.0
Canada,1987,blueberries,28916.0
Canada,1988,blueberries,32861.0
Canada,1989,blueberries,19573.0
Canada,1990,blueberries,26282.0
Canada,1991,blueberries,16710.0
Canada,1992,blueberries,21368.0
Canada,1993,blueberries,20351.0
Canada,1994,blueberries,22651.0
Canada,1995,blueberries,23552.0
Canada,1996,blueberries,24682.0
Canada,1997,blueberries,21535.0
Canada,1998,blueberries,17640.0
Canada,1999,blueberries,29887.0
Canada,2000,blueberries,25460.0
Canada,2001,blueberries,30529.0
Canada,2002,blueberries,24526.0
Canada,2003,blueberries,27897.0
Canada,2004,blueberries,28004.0
Canada,2005,blueberries,23857.0
Canada,2006,blueberries,25616.0
Canada,2007,blueberries,24474.0
Canada,2008,blueberries,28003.0
Canada,2009,blueberries,29486.0
Canada,2010,blueberries,24375.0
Canada,2011,blueberries,27352.0
Canada,2012,blueberries,34520.0
Canada,2013,blueberries,29041.0
Canada,2014,blueberries,41228.0
Canada,2015,blueberries,43069.0
Canada,2016,blueberries,49610.0
Canada,2017,blueberries,41772.0
Canada,2018,blueberries,37798.0
Canada,2019,blueberries,43356.0
Canada,1982,"broad_beans,_horse_beans,_dry",20000.0
Canada,1983,"broad_beans,_horse_beans,_dry",18375.0
Canada,1984,"broad_beans,_horse_beans,_dry",18133.0
Canada,1985,"broad_beans,_horse_beans,_dry",18000.0
Canada,1986,"broad_beans,_horse_beans,_dry",20750.0
Canada,1987,"broad_beans,_horse_beans,_dry",19385.0
Canada,1988,"broad_beans,_horse_beans,_dry",22000.0
Canada,1989,"broad_beans,_horse_beans,_dry",22286.0
Canada,1990,"broad_beans,_horse_beans,_dry",20000.0
Canada,1991,"broad_beans,_horse_beans,_dry",26137.0
Canada,1992,"broad_beans,_horse_beans,_dry",24348.0
Canada,1993,"broad_beans,_horse_beans,_dry",16250.0
Canada,1994,"broad_beans,_horse_beans,_dry",24286.0
Canada,1995,"broad_beans,_horse_beans,_dry",14500.0
Canada,1996,"broad_beans,_horse_beans,_dry",32857.0
Canada,1997,"broad_beans,_horse_beans,_dry",17917.0
Canada,1998,"broad_beans,_horse_beans,_dry",24464.0
Canada,1999,"broad_beans,_horse_beans,_dry",23214.0
Canada,2000,"broad_beans,_horse_beans,_dry",25246.0
Canada,2001,"broad_beans,_horse_beans,_dry",19615.0
Canada,2002,"broad_beans,_horse_beans,_dry",17500.0
Canada,2003,"broad_beans,_horse_beans,_dry",17500.0
Canada,2004,"broad_beans,_horse_beans,_dry",25500.0
Canada,2005,"broad_beans,_horse_beans,_dry",24500.0
Canada,2006,"broad_beans,_horse_beans,_dry",19048.0
Canada,2007,"broad_beans,_horse_beans,_dry",19123.0
Canada,1961,buckwheat,11387.0
Canada,1962,buckwheat,13289.0
Canada,1963,buckwheat,12603.0
Canada,1964,buckwheat,11386.0
Canada,1965,buckwheat,8671.0
Canada,1966,buckwheat,11469.0
Canada,1967,buckwheat,9226.0
Canada,1968,buckwheat,9145.0
Canada,1969,buckwheat,9135.0
Canada,1970,buckwheat,9991.0
Canada,1971,buckwheat,11098.0
Canada,1972,buckwheat,8955.0
Canada,1973,buckwheat,8336.0
Canada,1974,buckwheat,10286.0
Canada,1975,buckwheat,10427.0
Canada,1976,buckwheat,7279.0
Canada,1977,buckwheat,10115.0
Canada,1978,buckwheat,12056.0
Canada,1979,buckwheat,5445.0
Canada,1980,buckwheat,5505.0
Canada,1981,buckwheat,9296.0
Canada,1982,buckwheat,5235.0
Canada,1983,buckwheat,7787.0
Canada,1984,buckwheat,6638.0
Canada,1985,buckwheat,11186.0
Canada,1986,buckwheat,10634.0
Canada,1987,buckwheat,13164.0
Canada,1988,buckwheat,6376.0
Canada,1989,buckwheat,8393.0
Canada,1990,buckwheat,11164.0
Canada,1991,buckwheat,10688.0
Canada,1992,buckwheat,6250.0
Canada,1993,buckwheat,7979.0
Canada,1994,buckwheat,11589.0
Canada,1995,buckwheat,12619.0
Canada,1996,buckwheat,12982.0
Canada,1997,buckwheat,11000.0
Canada,1998,buckwheat,10278.0
Canada,1999,buckwheat,9470.0
Canada,2000,buckwheat,9189.0
Canada,2001,buckwheat,11399.0
Canada,2002,buckwheat,10252.0
Canada,2003,buckwheat,10645.0
Canada,2004,buckwheat,3750.0
Canada,2005,buckwheat,11500.0
Canada,2006,buckwheat,10725.0
Canada,2007,buckwheat,11500.0
Canada,2012,buckwheat,10417.0
Canada,2013,buckwheat,10443.0
Canada,2014,buckwheat,10443.0
Canada,2016,buckwheat,9105.0
Canada,2017,buckwheat,9310.0
Canada,2018,buckwheat,11811.0
Canada,2019,buckwheat,12950.0
Canada,1961,cabbages_and_other_brassicas,214795.0
Canada,1962,cabbages_and_other_brassicas,200650.0
Canada,1963,cabbages_and_other_brassicas,232548.0
Canada,1964,cabbages_and_other_brassicas,206380.0
Canada,1965,cabbages_and_other_brassicas,229866.0
Canada,1966,cabbages_and_other_brassicas,229590.0
Canada,1967,cabbages_and_other_brassicas,225219.0
Canada,1968,cabbages_and_other_brassicas,233469.0
Canada,1969,cabbages_and_other_brassicas,220063.0
Canada,1970,cabbages_and_other_brassicas,238708.0
Canada,1971,cabbages_and_other_brassicas,244223.0
Canada,1972,cabbages_and_other_brassicas,210761.0
Canada,1973,cabbages_and_other_brassicas,220606.0
Canada,1974,cabbages_and_other_brassicas,212914.0
Canada,1975,cabbages_and_other_brassicas,224650.0
Canada,1976,cabbages_and_other_brassicas,246079.0
Canada,1977,cabbages_and_other_brassicas,277217.0
Canada,1978,cabbages_and_other_brassicas,277536.0
Canada,1979,cabbages_and_other_brassicas,260495.0
Canada,1980,cabbages_and_other_brassicas,252343.0
Canada,1981,cabbages_and_other_brassicas,264918.0
Canada,1982,cabbages_and_other_brassicas,267516.0
Canada,1983,cabbages_and_other_brassicas,282430.0
Canada,1984,cabbages_and_other_brassicas,284863.0
Canada,1985,cabbages_and_other_brassicas,317842.0
Canada,1986,cabbages_and_other_brassicas,305465.0
Canada,1987,cabbages_and_other_brassicas,321614.0
Canada,1988,cabbages_and_other_brassicas,232348.0
Canada,1989,cabbages_and_other_brassicas,253601.0
Canada,1990,cabbages_and_other_brassicas,284071.0
Canada,1991,cabbages_and_other_brassicas,279267.0
Canada,1992,cabbages_and_other_brassicas,193640.0
Canada,1993,cabbages_and_other_brassicas,203659.0
Canada,1994,cabbages_and_other_brassicas,193205.0
Canada,1995,cabbages_and_other_brassicas,207882.0
Canada,1996,cabbages_and_other_brassicas,196862.0
Canada,1997,cabbages_and_other_brassicas,188981.0
Canada,1998,cabbages_and_other_brassicas,213208.0
Canada,1999,cabbages_and_other_brassicas,199242.0
Canada,2000,cabbages_and_other_brassicas,198135.0
Canada,2001,cabbages_and_other_brassicas,178981.0
Canada,2002,cabbages_and_other_brassicas,180257.0
Canada,2003,cabbages_and_other_brassicas,195044.0
Canada,2004,cabbages_and_other_brassicas,211920.0
Canada,2005,cabbages_and_other_brassicas,212245.0
Canada,2006,cabbages_and_other_brassicas,190841.0
Canada,2007,cabbages_and_other_brassicas,206465.0
Canada,2008,cabbages_and_other_brassicas,229157.0
Canada,2009,cabbages_and_other_brassicas,218177.0
Canada,2010,cabbages_and_other_brassicas,303079.0
Canada,2011,cabbages_and_other_brassicas,288763.0
Canada,2012,cabbages_and_other_brassicas,283956.0
Canada,2013,cabbages_and_other_brassicas,282346.0
Canada,2014,cabbages_and_other_brassicas,275420.0
Canada,2015,cabbages_and_other_brassicas,284762.0
Canada,2016,cabbages_and_other_brassicas,323129.0
Canada,2017,cabbages_and_other_brassicas,292640.0
Canada,2018,cabbages_and_other_brassicas,282944.0
Canada,2019,cabbages_and_other_brassicas,288435.0
Canada,1980,canary_seed,10952.0
Canada,1981,canary_seed,10333.0
Canada,1982,canary_seed,11042.0
Canada,1983,canary_seed,11034.0
Canada,1984,canary_seed,11184.0
Canada,1985,canary_seed,12476.0
Canada,1986,canary_seed,14137.0
Canada,1987,canary_seed,12014.0
Canada,1988,canary_seed,5804.0
Canada,1989,canary_seed,9673.0
Canada,1990,canary_seed,14240.0
Canada,1991,canary_seed,10540.0
Canada,1992,canary_seed,13489.0
Canada,1993,canary_seed,10390.0
Canada,1994,canary_seed,11767.0
Canada,1995,canary_seed,10618.0
Canada,1996,canary_seed,12126.0
Canada,1997,canary_seed,10150.0
Canada,1998,canary_seed,11291.0
Canada,1999,canary_seed,11393.0
Canada,2000,canary_seed,10421.0
Canada,2001,canary_seed,6971.0
Canada,2002,canary_seed,7833.0
Canada,2003,canary_seed,9204.0
Canada,2004,canary_seed,9462.0
Canada,2005,canary_seed,12470.0
Canada,2006,canary_seed,10153.0
Canada,2007,canary_seed,9310.0
Canada,2008,canary_seed,12089.0
Canada,2009,canary_seed,13737.0
Canada,2010,canary_seed,9980.0
Canada,2011,canary_seed,11766.0
Canada,2012,canary_seed,11375.0
Canada,2013,canary_seed,15412.0
Canada,2014,canary_seed,12120.0
Canada,2015,canary_seed,11655.0
Canada,2016,canary_seed,14815.0
Canada,2017,canary_seed,14064.0
Canada,2018,canary_seed,14512.0
Canada,2019,canary_seed,14884.0
Canada,1961,carrots_and_turnips,263382.0
Canada,1962,carrots_and_turnips,293025.0
Canada,1963,carrots_and_turnips,270728.0
Canada,1964,carrots_and_turnips,258558.0
Canada,1965,carrots_and_turnips,204085.0
Canada,1966,carrots_and_turnips,284531.0
Canada,1967,carrots_and_turnips,288386.0
Canada,1968,carrots_and_turnips,274525.0
Canada,1969,carrots_and_turnips,271178.0
Canada,1970,carrots_and_turnips,282280.0
Canada,1971,carrots_and_turnips,252397.0
Canada,1972,carrots_and_turnips,236107.0
Canada,1973,carrots_and_turnips,255849.0
Canada,1974,carrots_and_turnips,288875.0
Canada,1975,carrots_and_turnips,331694.0
Canada,1976,carrots_and_turnips,309651.0
Canada,1977,carrots_and_turnips,295587.0
Canada,1978,carrots_and_turnips,331567.0
Canada,1979,carrots_and_turnips,395246.0
Canada,1980,carrots_and_turnips,312479.0
Canada,1981,carrots_and_turnips,348370.0
Canada,1982,carrots_and_turnips,383559.0
Canada,1983,carrots_and_turnips,352994.0
Canada,1984,carrots_and_turnips,359957.0
Canada,1985,carrots_and_turnips,356728.0
Canada,1986,carrots_and_turnips,348185.0
Canada,1987,carrots_and_turnips,371993.0
Canada,1988,carrots_and_turnips,345652.0
Canada,1989,carrots_and_turnips,351435.0
Canada,1990,carrots_and_turnips,441694.0
Canada,1991,carrots_and_turnips,403315.0
Canada,1992,carrots_and_turnips,401929.0
Canada,1993,carrots_and_turnips,378598.0
Canada,1994,carrots_and_turnips,427218.0
Canada,1995,carrots_and_turnips,335709.0
Canada,1996,carrots_and_turnips,358871.0
Canada,1997,carrots_and_turnips,327261.0
Canada,1998,carrots_and_turnips,365155.0
Canada,1999,carrots_and_turnips,343953.0
Canada,2000,carrots_and_turnips,326973.0
Canada,2001,carrots_and_turnips,342015.0
Canada,2002,carrots_and_turnips,346763.0
Canada,2003,carrots_and_turnips,328384.0
Canada,2004,carrots_and_turnips,333420.0
Canada,2005,carrots_and_turnips,373813.0
Canada,2006,carrots_and_turnips,343705.0
Canada,2007,carrots_and_turnips,341082.0
Canada,2008,carrots_and_turnips,331465.0
Canada,2009,carrots_and_turnips,429415.0
Canada,2010,carrots_and_turnips,497517.0
Canada,2011,carrots_and_turnips,483603.0
Canada,2012,carrots_and_turnips,447530.0
Canada,2013,carrots_and_turnips,428224.0
Canada,2014,carrots_and_turnips,401235.0
Canada,2015,carrots_and_turnips,425419.0
Canada,2016,carrots_and_turnips,424809.0
Canada,2017,carrots_and_turnips,452455.0
Canada,2018,carrots_and_turnips,444588.0
Canada,2019,carrots_and_turnips,453475.0
Canada,1961,cauliflowers_and_broccoli,114600.0
Canada,1962,cauliflowers_and_broccoli,135419.0
Canada,1963,cauliflowers_and_broccoli,131041.0
Canada,1964,cauliflowers_and_broccoli,118792.0
Canada,1965,cauliflowers_and_broccoli,120968.0
Canada,1966,cauliflowers_and_broccoli,117369.0
Canada,1967,cauliflowers_and_broccoli,124664.0
Canada,1968,cauliflowers_and_broccoli,107941.0
Canada,1969,cauliflowers_and_broccoli,117417.0
Canada,1970,cauliflowers_and_broccoli,123323.0
Canada,1971,cauliflowers_and_broccoli,125172.0
Canada,1972,cauliflowers_and_broccoli,108721.0
Canada,1973,cauliflowers_and_broccoli,117516.0
Canada,1974,cauliflowers_and_broccoli,133605.0
Canada,1975,cauliflowers_and_broccoli,146347.0
Canada,1976,cauliflowers_and_broccoli,167600.0
Canada,1977,cauliflowers_and_broccoli,170388.0
Canada,1978,cauliflowers_and_broccoli,200798.0
Canada,1979,cauliflowers_and_broccoli,226917.0
Canada,1980,cauliflowers_and_broccoli,216735.0
Canada,1981,cauliflowers_and_broccoli,135270.0
Canada,1982,cauliflowers_and_broccoli,152412.0
Canada,1983,cauliflowers_and_broccoli,165420.0
Canada,1984,cauliflowers_and_broccoli,164931.0
Canada,1985,cauliflowers_and_broccoli,136496.0
Canada,1986,cauliflowers_and_broccoli,166248.0
Canada,1987,cauliflowers_and_broccoli,164529.0
Canada,1988,cauliflowers_and_broccoli,107308.0
Canada,1989,cauliflowers_and_broccoli,131145.0
Canada,1990,cauliflowers_and_broccoli,139825.0
Canada,1991,cauliflowers_and_broccoli,55138.0
Canada,1992,cauliflowers_and_broccoli,114976.0
Canada,1993,cauliflowers_and_broccoli,102322.0
Canada,1994,cauliflowers_and_broccoli,61175.0
Canada,1995,cauliflowers_and_broccoli,65035.0
Canada,1996,cauliflowers_and_broccoli,59445.0
Canada,1997,cauliflowers_and_broccoli,59234.0
Canada,1998,cauliflowers_and_broccoli,66512.0
Canada,1999,cauliflowers_and_broccoli,69743.0
Canada,2000,cauliflowers_and_broccoli,64837.0
Canada,2001,cauliflowers_and_broccoli,68989.0
Canada,2002,cauliflowers_and_broccoli,57992.0
Canada,2003,cauliflowers_and_broccoli,56975.0
Canada,2004,cauliflowers_and_broccoli,55116.0
Canada,2005,cauliflowers_and_broccoli,52296.0
Canada,2006,cauliflowers_and_broccoli,51412.0
Canada,2007,cauliflowers_and_broccoli,43630.0
Canada,2008,cauliflowers_and_broccoli,60668.0
Canada,2009,cauliflowers_and_broccoli,54125.0
Canada,2010,cauliflowers_and_broccoli,123758.0
Canada,2011,cauliflowers_and_broccoli,113986.0
Canada,2012,cauliflowers_and_broccoli,117204.0
Canada,2013,cauliflowers_and_broccoli,128629.0
Canada,2014,cauliflowers_and_broccoli,124178.0
Canada,2015,cauliflowers_and_broccoli,131063.0
Canada,2016,cauliflowers_and_broccoli,131091.0
Canada,2017,cauliflowers_and_broccoli,128254.0
Canada,2018,cauliflowers_and_broccoli,124041.0
Canada,2019,cauliflowers_and_broccoli,126042.0
Canada,1961,cherries,50985.0
Canada,1962,cherries,50851.0
Canada,1963,cherries,50756.0
Canada,1964,cherries,50712.0
Canada,1965,cherries,50611.0
Canada,1966,cherries,50908.0
Canada,1967,cherries,50907.0
Canada,1968,cherries,50662.0
Canada,1969,cherries,50685.0
Canada,1970,cherries,51365.0
Canada,1971,cherries,50854.0
Canada,1972,cherries,50727.0
Canada,1973,cherries,50898.0
Canada,1974,cherries,50760.0
Canada,1975,cherries,50709.0
Canada,1976,cherries,50709.0
Canada,1977,cherries,50800.0
Canada,1978,cherries,50650.0
Canada,1979,cherries,50787.0
Canada,1980,cherries,50661.0
Canada,1981,cherries,45460.0
Canada,1982,cherries,45400.0
Canada,1983,cherries,45486.0
Canada,1984,cherries,45267.0
Canada,1985,cherries,45737.0
Canada,1986,cherries,45148.0
Canada,1987,cherries,45416.0
Canada,1988,cherries,45515.0
Canada,1989,cherries,59809.0
Canada,1990,cherries,37751.0
Canada,1991,cherries,41545.0
Canada,1992,cherries,24937.0
Canada,1993,cherries,27472.0
Canada,1994,cherries,53147.0
Canada,1995,cherries,47143.0
Canada,1996,cherries,37556.0
Canada,1997,cherries,41833.0
Canada,1998,cherries,62703.0
Canada,1999,cherries,46646.0
Canada,2000,cherries,45828.0
Canada,2001,cherries,63577.0
Canada,2002,cherries,50521.0
Canada,2003,cherries,74811.0
Canada,2004,cherries,74170.0
Canada,2005,cherries,63471.0
Canada,2006,cherries,54652.0
Canada,2007,cherries,72883.0
Canada,2008,cherries,52474.0
Canada,2009,cherries,102705.0
Canada,2010,cherries,73289.0
Canada,2011,cherries,60583.0
Canada,2012,cherries,87548.0
Canada,2013,cherries,64422.0
Canada,2014,cherries,80341.0
Canada,2015,cherries,90571.0
Canada,2016,cherries,90029.0
Canada,2017,cherries,141858.0
Canada,2018,cherries,128532.0
Canada,2019,cherries,103901.0
Canada,1961,"cherries,_sour",57628.0
Canada,1962,"cherries,_sour",57298.0
Canada,1963,"cherries,_sour",57684.0
Canada,1964,"cherries,_sour",57555.0
Canada,1965,"cherries,_sour",57543.0
Canada,1966,"cherries,_sour",57577.0
Canada,1967,"cherries,_sour",57328.0
Canada,1968,"cherries,_sour",57504.0
Canada,1969,"cherries,_sour",57443.0
Canada,1970,"cherries,_sour",57591.0
Canada,1971,"cherries,_sour",57519.0
Canada,1972,"cherries,_sour",57441.0
Canada,1973,"cherries,_sour",57250.0
Canada,1974,"cherries,_sour",57677.0
Canada,1975,"cherries,_sour",112544.0
Canada,1976,"cherries,_sour",79541.0
Canada,1977,"cherries,_sour",108338.0
Canada,1978,"cherries,_sour",81754.0
Canada,1979,"cherries,_sour",105778.0
Canada,1980,"cherries,_sour",118952.0
Canada,1981,"cherries,_sour",47769.0
Canada,1982,"cherries,_sour",91372.0
Canada,1983,"cherries,_sour",83936.0
Canada,1984,"cherries,_sour",94000.0
Canada,1985,"cherries,_sour",89622.0
Canada,1986,"cherries,_sour",51494.0
Canada,1987,"cherries,_sour",78875.0
Canada,1988,"cherries,_sour",67862.0
Canada,1989,"cherries,_sour",74600.0
Canada,1990,"cherries,_sour",53315.0
Canada,1991,"cherries,_sour",61676.0
Canada,1992,"cherries,_sour",91038.0
Canada,1993,"cherries,_sour",71189.0
Canada,1994,"cherries,_sour",79325.0
Canada,1995,"cherries,_sour",85144.0
Canada,1996,"cherries,_sour",58011.0
Canada,1997,"cherries,_sour",66495.0
Canada,1998,"cherries,_sour",56031.0
Canada,1999,"cherries,_sour",92946.0
Canada,2000,"cherries,_sour",71795.0
Canada,2001,"cherries,_sour",49370.0
Canada,2002,"cherries,_sour",52362.0
Canada,2003,"cherries,_sour",61122.0
Canada,2004,"cherries,_sour",48772.0
Canada,2005,"cherries,_sour",94054.0
Canada,2006,"cherries,_sour",41924.0
Canada,2007,"cherries,_sour",84622.0
Canada,2008,"cherries,_sour",69104.0
Canada,2009,"cherries,_sour",66831.0
Canada,2010,"cherries,_sour",56818.0
Canada,2011,"cherries,_sour",25770.0
Canada,2012,"cherries,_sour",16130.0
Canada,2013,"cherries,_sour",64284.0
Canada,2014,"cherries,_sour",46830.0
Canada,2015,"cherries,_sour",43583.0
Canada,2016,"cherries,_sour",73963.0
Canada,2017,"cherries,_sour",61103.0
Canada,2018,"cherries,_sour",43913.0
Canada,2019,"cherries,_sour",58935.0
Canada,1992,chick_peas,14286.0
Canada,1993,chick_peas,14286.0
Canada,1994,chick_peas,13544.0
Canada,1995,chick_peas,12987.0
Canada,1996,chick_peas,12903.0
Canada,1997,chick_peas,13942.0
Canada,1998,chick_peas,13255.0
Canada,1999,chick_peas,14236.0
Canada,2000,chick_peas,13683.0
Canada,2001,chick_peas,9735.0
Canada,2002,chick_peas,10205.0
Canada,2003,chick_peas,10781.0
Canada,2004,chick_peas,13299.0
Canada,2005,chick_peas,14272.0
Canada,2006,chick_peas,12800.0
Canada,2007,chick_peas,12920.0
Canada,2008,chick_peas,15802.0
Canada,2009,chick_peas,18734.0
Canada,2010,chick_peas,16684.0
Canada,2011,chick_peas,18330.0
Canada,2012,chick_peas,20150.0
Canada,2013,chick_peas,23528.0
Canada,2014,chick_peas,18636.0
Canada,2015,chick_peas,17957.0
Canada,2016,chick_peas,18614.0
Canada,2017,chick_peas,14776.0
Canada,2018,chick_peas,17688.0
Canada,2019,chick_peas,16142.0
Canada,1961,"chillies_and_peppers,_green",112225.0
Canada,1962,"chillies_and_peppers,_green",115400.0
Canada,1963,"chillies_and_peppers,_green",121280.0
Canada,1964,"chillies_and_peppers,_green",107200.0
Canada,1965,"chillies_and_peppers,_green",95167.0
Canada,1966,"chillies_and_peppers,_green",89633.0
Canada,1967,"chillies_and_peppers,_green",105400.0
Canada,1968,"chillies_and_peppers,_green",105100.0
Canada,1969,"chillies_and_peppers,_green",99875.0
Canada,1970,"chillies_and_peppers,_green",94000.0
Canada,1971,"chillies_and_peppers,_green",92457.0
Canada,1972,"chillies_and_peppers,_green",106857.0
Canada,1973,"chillies_and_peppers,_green",96480.0
Canada,1974,"chillies_and_peppers,_green",84000.0
Canada,1975,"chillies_and_peppers,_green",86167.0
Canada,1976,"chillies_and_peppers,_green",92000.0
Canada,1977,"chillies_and_peppers,_green",90643.0
Canada,1978,"chillies_and_peppers,_green",91857.0
Canada,1979,"chillies_and_peppers,_green",103750.0
Canada,1980,"chillies_and_peppers,_green",93846.0
Canada,1981,"chillies_and_peppers,_green",71488.0
Canada,1982,"chillies_and_peppers,_green",104910.0
Canada,1983,"chillies_and_peppers,_green",101329.0
Canada,1984,"chillies_and_peppers,_green",75408.0
Canada,1985,"chillies_and_peppers,_green",104561.0
Canada,1986,"chillies_and_peppers,_green",100250.0
Canada,1987,"chillies_and_peppers,_green",114426.0
Canada,1988,"chillies_and_peppers,_green",108874.0
Canada,1989,"chillies_and_peppers,_green",98554.0
Canada,1990,"chillies_and_peppers,_green",110462.0
Canada,1991,"chillies_and_peppers,_green",125758.0
Canada,1992,"chillies_and_peppers,_green",97839.0
Canada,1993,"chillies_and_peppers,_green",157609.0
Canada,1994,"chillies_and_peppers,_green",177163.0
Canada,1995,"chillies_and_peppers,_green",160632.0
Canada,1996,"chillies_and_peppers,_green",157611.0
Canada,1997,"chillies_and_peppers,_green",193816.0
Canada,1998,"chillies_and_peppers,_green",231014.0
Canada,1999,"chillies_and_peppers,_green",244711.0
Canada,2000,"chillies_and_peppers,_green",231707.0
Canada,2001,"chillies_and_peppers,_green",198166.0
Canada,2002,"chillies_and_peppers,_green",196903.0
Canada,2003,"chillies_and_peppers,_green",182854.0
Canada,2004,"chillies_and_peppers,_green",208960.0
Canada,2005,"chillies_and_peppers,_green",213629.0
Canada,2006,"chillies_and_peppers,_green",251066.0
Canada,2007,"chillies_and_peppers,_green",198679.0
Canada,2008,"chillies_and_peppers,_green",239015.0
Canada,2009,"chillies_and_peppers,_green",244433.0
Canada,2010,"chillies_and_peppers,_green",249946.0
Canada,2011,"chillies_and_peppers,_green",221437.0
Canada,2012,"chillies_and_peppers,_green",232704.0
Canada,2013,"chillies_and_peppers,_green",234068.0
Canada,2014,"chillies_and_peppers,_green",252181.0
Canada,2015,"chillies_and_peppers,_green",241904.0
Canada,2016,"chillies_and_peppers,_green",250745.0
Canada,2017,"chillies_and_peppers,_green",280923.0
Canada,2018,"chillies_and_peppers,_green",267566.0
Canada,2019,"chillies_and_peppers,_green",285371.0
Canada,1961,cranberries,65200.0
Canada,1962,cranberries,53333.0
Canada,1963,cranberries,60625.0
Canada,1964,cranberries,59000.0
Canada,1965,cranberries,70300.0
Canada,1966,cranberries,81500.0
Canada,1967,cranberries,110500.0
Canada,1968,cranberries,138190.0
Canada,1969,cranberries,123810.0
Canada,1970,cranberries,111917.0
Canada,1971,cranberries,95920.0
Canada,1972,cranberries,114806.0
Canada,1973,cranberries,132225.0
Canada,1974,cranberries,112368.0
Canada,1975,cranberries,143525.0
Canada,1976,cranberries,124962.0
Canada,1977,cranberries,125127.0
Canada,1978,cranberries,111891.0
Canada,1979,cranberries,114308.0
Canada,1980,cranberries,118755.0
Canada,1981,cranberries,115188.0
Canada,1982,cranberries,132037.0
Canada,1983,cranberries,111211.0
Canada,1984,cranberries,113407.0
Canada,1985,cranberries,120368.0
Canada,1986,cranberries,121257.0
Canada,1987,cranberries,118260.0
Canada,1988,cranberries,141456.0
Canada,1989,cranberries,114303.0
Canada,1990,cranberries,164403.0
Canada,1991,cranberries,152657.0
Canada,1992,cranberries,167002.0
Canada,1993,cranberries,127160.0
Canada,1994,cranberries,201110.0
Canada,1995,cranberries,178155.0
Canada,1996,cranberries,159307.0
Canada,1997,cranberries,149383.0
Canada,1998,cranberries,166218.0
Canada,1999,cranberries,181870.0
Canada,2000,cranberries,159884.0
Canada,2001,cranberries,145256.0
Canada,2002,cranberries,196947.0
Canada,2003,cranberries,208603.0
Canada,2004,cranberries,197076.0
Canada,2005,cranberries,219756.0
Canada,2006,cranberries,202611.0
Canada,2007,cranberries,179234.0
Canada,2008,cranberries,164267.0
Canada,2009,cranberries,190633.0
Canada,2010,cranberries,161260.0
Canada,2011,cranberries,171550.0
Canada,2012,cranberries,222240.0
Canada,2013,cranberries,207088.0
Canada,2014,cranberries,253930.0
Canada,2015,cranberries,211812.0
Canada,2016,cranberries,261406.0
Canada,2017,cranberries,198815.0
Canada,2018,cranberries,274757.0
Canada,2019,cranberries,269733.0
Canada,1961,cucumbers_and_gherkins,115389.0
Canada,1962,cucumbers_and_gherkins,95349.0
Canada,1963,cucumbers_and_gherkins,103309.0
Canada,1964,cucumbers_and_gherkins,99658.0
Canada,1965,cucumbers_and_gherkins,77497.0
Canada,1966,cucumbers_and_gherkins,120169.0
Canada,1967,cucumbers_and_gherkins,128580.0
Canada,1968,cucumbers_and_gherkins,153257.0
Canada,1969,cucumbers_and_gherkins,164907.0
Canada,1970,cucumbers_and_gherkins,169030.0
Canada,1971,cucumbers_and_gherkins,175244.0
Canada,1972,cucumbers_and_gherkins,153510.0
Canada,1973,cucumbers_and_gherkins,186939.0
Canada,1974,cucumbers_and_gherkins,175751.0
Canada,1975,cucumbers_and_gherkins,188913.0
Canada,1976,cucumbers_and_gherkins,184629.0
Canada,1977,cucumbers_and_gherkins,178671.0
Canada,1978,cucumbers_and_gherkins,213740.0
Canada,1979,cucumbers_and_gherkins,241403.0
Canada,1980,cucumbers_and_gherkins,200431.0
Canada,1981,cucumbers_and_gherkins,201970.0
Canada,1982,cucumbers_and_gherkins,205559.0
Canada,1983,cucumbers_and_gherkins,237729.0
Canada,1984,cucumbers_and_gherkins,246764.0
Canada,1985,cucumbers_and_gherkins,240412.0
Canada,1986,cucumbers_and_gherkins,245891.0
Canada,1987,cucumbers_and_gherkins,216557.0
Canada,1988,cucumbers_and_gherkins,239695.0
Canada,1989,cucumbers_and_gherkins,281332.0
Canada,1990,cucumbers_and_gherkins,397415.0
Canada,1991,cucumbers_and_gherkins,175378.0
Canada,1992,cucumbers_and_gherkins,172748.0
Canada,1993,cucumbers_and_gherkins,188920.0
Canada,1994,cucumbers_and_gherkins,199172.0
Canada,1995,cucumbers_and_gherkins,205932.0
Canada,1996,cucumbers_and_gherkins,198809.0
Canada,1997,cucumbers_and_gherkins,193178.0
Canada,1998,cucumbers_and_gherkins,207696.0
Canada,1999,cucumbers_and_gherkins,208245.0
Canada,2000,cucumbers_and_gherkins,174168.0
Canada,2001,cucumbers_and_gherkins,143125.0
Canada,2002,cucumbers_and_gherkins,173226.0
Canada,2003,cucumbers_and_gherkins,196852.0
Canada,2004,cucumbers_and_gherkins,187402.0
Canada,2005,cucumbers_and_gherkins,173090.0
Canada,2006,cucumbers_and_gherkins,151862.0
Canada,2007,cucumbers_and_gherkins,205861.0
Canada,2008,cucumbers_and_gherkins,207419.0
Canada,2009,cucumbers_and_gherkins,249045.0
Canada,2010,cucumbers_and_gherkins,228299.0
Canada,2011,cucumbers_and_gherkins,234422.0
Canada,2012,cucumbers_and_gherkins,217110.0
Canada,2013,cucumbers_and_gherkins,235464.0
Canada,2014,cucumbers_and_gherkins,270576.0
Canada,2015,cucumbers_and_gherkins,206900.0
Canada,2016,cucumbers_and_gherkins,232142.0
Canada,2017,cucumbers_and_gherkins,262575.0
Canada,2018,cucumbers_and_gherkins,243394.0
Canada,2019,cucumbers_and_gherkins,245115.0
Canada,1964,fibre_crops_nes,12308.0
Canada,1966,fibre_crops_nes,12075.0
Canada,1968,fibre_crops_nes,12222.0
Canada,1970,fibre_crops_nes,12179.0
Canada,1971,fibre_crops_nes,12093.0
Canada,1972,fibre_crops_nes,12045.0
Canada,1973,fibre_crops_nes,12049.0
Canada,1974,fibre_crops_nes,12020.0
Canada,1975,fibre_crops_nes,12036.0
Canada,1976,fibre_crops_nes,12021.0
Canada,1977,fibre_crops_nes,12045.0
Canada,1978,fibre_crops_nes,12031.0
Canada,1979,fibre_crops_nes,12045.0
Canada,1980,fibre_crops_nes,12031.0
Canada,1981,fibre_crops_nes,12006.0
Canada,1982,fibre_crops_nes,12090.0
Canada,1983,fibre_crops_nes,12018.0
Canada,1984,fibre_crops_nes,12027.0
Canada,1985,fibre_crops_nes,12021.0
Canada,1986,fibre_crops_nes,12062.0
Canada,1987,fibre_crops_nes,12053.0
Canada,1988,fibre_crops_nes,12018.0
Canada,1989,fibre_crops_nes,12114.0
Canada,1990,fibre_crops_nes,12115.0
Canada,1991,fibre_crops_nes,12097.0
Canada,1992,fibre_crops_nes,12016.0
Canada,1993,fibre_crops_nes,12036.0
Canada,1994,fibre_crops_nes,12277.0
Canada,1995,fibre_crops_nes,12011.0
Canada,1996,fibre_crops_nes,12033.0
Canada,1997,fibre_crops_nes,11992.0
Canada,1998,fibre_crops_nes,12008.0
Canada,1999,fibre_crops_nes,12062.0
Canada,2000,fibre_crops_nes,12043.0
Canada,2001,fibre_crops_nes,12010.0
Canada,2002,fibre_crops_nes,12007.0
Canada,2003,fibre_crops_nes,12014.0
Canada,2004,fibre_crops_nes,12030.0
Canada,2005,fibre_crops_nes,12017.0
Canada,2006,fibre_crops_nes,12013.0
Canada,2007,fibre_crops_nes,12025.0
Canada,2008,fibre_crops_nes,11957.0
Canada,2009,fibre_crops_nes,11875.0
Canada,2010,fibre_crops_nes,11875.0
Canada,2011,fibre_crops_nes,11875.0
Canada,2012,fibre_crops_nes,12000.0
Canada,2013,fibre_crops_nes,12292.0
Canada,2014,fibre_crops_nes,12115.0
Canada,2015,fibre_crops_nes,11975.0
Canada,2016,fibre_crops_nes,11968.0
Canada,2017,fibre_crops_nes,11960.0
Canada,2018,fibre_crops_nes,11954.0
Canada,2019,fibre_crops_nes,11946.0
Canada,1992,garlic,659.0
Canada,1993,garlic,9278.0
Canada,1994,garlic,20392.0
Canada,1995,garlic,19184.0
Canada,1996,garlic,47627.0
Canada,1997,garlic,51560.0
Canada,1998,garlic,57781.0
Canada,2002,garlic,25990.0
Canada,2003,garlic,25236.0
Canada,2004,garlic,30000.0
Canada,2005,garlic,21324.0
Canada,2006,garlic,18780.0
Canada,2007,garlic,33721.0
Canada,2008,garlic,32067.0
Canada,2009,garlic,23491.0
Canada,2010,garlic,22692.0
Canada,2011,garlic,24148.0
Canada,2012,garlic,26095.0
Canada,2013,garlic,24417.0
Canada,2014,garlic,65989.0
Canada,2015,garlic,23455.0
Canada,2016,garlic,21013.0
Canada,2017,garlic,24731.0
Canada,2018,garlic,24071.0
Canada,2019,garlic,23240.0
Canada,1961,"grain,_mixed",19752.0
Canada,1962,"grain,_mixed",23926.0
Canada,1963,"grain,_mixed",24332.0
Canada,1964,"grain,_mixed",23376.0
Canada,1965,"grain,_mixed",24859.0
Canada,1966,"grain,_mixed",23253.0
Canada,1967,"grain,_mixed",23119.0
Canada,1968,"grain,_mixed",26172.0
Canada,1969,"grain,_mixed",25273.0
Canada,1970,"grain,_mixed",25565.0
Canada,1971,"grain,_mixed",26285.0
Canada,1972,"grain,_mixed",25474.0
Canada,1973,"grain,_mixed",24448.0
Canada,1974,"grain,_mixed",22493.0
Canada,1975,"grain,_mixed",24703.0
Canada,1976,"grain,_mixed",24171.0
Canada,1977,"grain,_mixed",25576.0
Canada,1978,"grain,_mixed",27064.0
Canada,1979,"grain,_mixed",26332.0
Canada,1980,"grain,_mixed",26528.0
Canada,1981,"grain,_mixed",26783.0
Canada,1982,"grain,_mixed",27937.0
Canada,1983,"grain,_mixed",22729.0
Canada,1984,"grain,_mixed",26810.0
Canada,1985,"grain,_mixed",28804.0
Canada,1986,"grain,_mixed",28305.0
Canada,1987,"grain,_mixed",27801.0
Canada,1988,"grain,_mixed",16897.0
Canada,1989,"grain,_mixed",27558.0
Canada,1990,"grain,_mixed",28502.0
Canada,1991,"grain,_mixed",25157.0
Canada,1992,"grain,_mixed",30342.0
Canada,1993,"grain,_mixed",27893.0
Canada,1994,"grain,_mixed",26927.0
Canada,1995,"grain,_mixed",27647.0
Canada,1996,"grain,_mixed",27448.0
Canada,1997,"grain,_mixed",27668.0
Canada,1998,"grain,_mixed",27650.0
Canada,1999,"grain,_mixed",29254.0
Canada,2000,"grain,_mixed",29911.0
Canada,2001,"grain,_mixed",28046.0
Canada,2002,"grain,_mixed",27231.0
Canada,2003,"grain,_mixed",28390.0
Canada,2004,"grain,_mixed",28830.0
Canada,2005,"grain,_mixed",27828.0
Canada,2006,"grain,_mixed",26736.0
Canada,2007,"grain,_mixed",27326.0
Canada,2008,"grain,_mixed",27925.0
Canada,2009,"grain,_mixed",27532.0
Canada,2010,"grain,_mixed",29163.0
Canada,2011,"grain,_mixed",30406.0
Canada,2012,"grain,_mixed",28606.0
Canada,2013,"grain,_mixed",27589.0
Canada,2014,"grain,_mixed",30533.0
Canada,2015,"grain,_mixed",29961.0
Canada,2016,"grain,_mixed",28255.0
Canada,2017,"grain,_mixed",27732.0
Canada,2018,"grain,_mixed",29421.0
Canada,2019,"grain,_mixed",28358.0
Canada,1961,grapes,41866.0
Canada,1962,grapes,41927.0
Canada,1963,grapes,41898.0
Canada,1964,grapes,41890.0
Canada,1965,grapes,41874.0
Canada,1966,grapes,41885.0
Canada,1967,grapes,41894.0
Canada,1968,grapes,41909.0
Canada,1969,grapes,41891.0
Canada,1970,grapes,41907.0
Canada,1971,grapes,70775.0
Canada,1972,grapes,70797.0
Canada,1973,grapes,70781.0
Canada,1974,grapes,70802.0
Canada,1975,grapes,70825.0
Canada,1976,grapes,70774.0
Canada,1977,grapes,70868.0
Canada,1978,grapes,70832.0
Canada,1979,grapes,70834.0
Canada,1980,grapes,70817.0
Canada,1981,grapes,70312.0
Canada,1982,grapes,70589.0
Canada,1983,grapes,70424.0
Canada,1984,grapes,70410.0
Canada,1985,grapes,70438.0
Canada,1986,grapes,70417.0
Canada,1987,grapes,82289.0
Canada,1988,grapes,85630.0
Canada,1989,grapes,70143.0
Canada,1990,grapes,86830.0
Canada,1991,grapes,98054.0
Canada,1992,grapes,88089.0
Canada,1993,grapes,66819.0
Canada,1994,grapes,75357.0
Canada,1995,grapes,79859.0
Canada,1996,grapes,82983.0
Canada,1997,grapes,78675.0
Canada,1998,grapes,79915.0
Canada,1999,grapes,84677.0
Canada,2000,grapes,73568.0
Canada,2001,grapes,74483.0
Canada,2002,grapes,78503.0
Canada,2003,grapes,62255.0
Canada,2004,grapes,82579.0
Canada,2005,grapes,51312.0
Canada,2006,grapes,77074.0
Canada,2007,grapes,77498.0
Canada,2008,grapes,81295.0
Canada,2009,grapes,61082.0
Canada,2010,grapes,72232.0
Canada,2011,grapes,84830.0
Canada,2012,grapes,83918.0
Canada,2013,grapes,91365.0
Canada,2014,grapes,71831.0
Canada,2015,grapes,72687.0
Canada,2016,grapes,91208.0
Canada,2017,grapes,113145.0
Canada,2018,grapes,104294.0
Canada,2019,grapes,97171.0
Canada,1961,hops,14377.0
Canada,1962,hops,17647.0
Canada,1963,hops,16499.0
Canada,1964,hops,16297.0
Canada,1965,hops,16275.0
Canada,1966,hops,19471.0
Canada,1967,hops,18189.0
Canada,1968,hops,17552.0
Canada,1969,hops,18465.0
Canada,1970,hops,20324.0
Canada,1971,hops,18020.0
Canada,1972,hops,15056.0
Canada,1973,hops,17143.0
Canada,1974,hops,11050.0
Canada,1975,hops,16667.0
Canada,1976,hops,16667.0
Canada,1977,hops,16667.0
Canada,1978,hops,17143.0
Canada,1979,hops,17143.0
Canada,1980,hops,17143.0
Canada,1988,kiwi_fruit,86923.0
Canada,1989,kiwi_fruit,160714.0
Canada,1990,kiwi_fruit,273333.0
Canada,1991,kiwi_fruit,133333.0
Canada,1992,kiwi_fruit,366667.0
Canada,1993,kiwi_fruit,275000.0
Canada,1994,kiwi_fruit,306000.0
Canada,1995,kiwi_fruit,212500.0
Canada,1996,kiwi_fruit,113125.0
Canada,1997,kiwi_fruit,90000.0
Canada,1998,kiwi_fruit,277778.0
Canada,1999,kiwi_fruit,262500.0
Canada,2000,kiwi_fruit,287500.0
Canada,2001,kiwi_fruit,185714.0
Canada,2002,kiwi_fruit,79375.0
Canada,2003,kiwi_fruit,59375.0
Canada,2004,kiwi_fruit,116429.0
Canada,2005,kiwi_fruit,122500.0
Canada,2006,kiwi_fruit,77000.0
Canada,2007,kiwi_fruit,68333.0
Canada,2008,kiwi_fruit,125000.0
Canada,2009,kiwi_fruit,100000.0
Canada,2010,kiwi_fruit,85000.0
Canada,2011,kiwi_fruit,80000.0
Canada,2012,kiwi_fruit,77500.0
Canada,2013,kiwi_fruit,74000.0
Canada,2014,kiwi_fruit,64000.0
Canada,2015,kiwi_fruit,52500.0
Canada,2016,kiwi_fruit,60000.0
Canada,2017,kiwi_fruit,50000.0
Canada,2018,kiwi_fruit,45000.0
Canada,2019,kiwi_fruit,45000.0
Canada,1993,"leeks,_other_alliaceous_vegetables",69042.0
Canada,1994,"leeks,_other_alliaceous_vegetables",73947.0
Canada,1995,"leeks,_other_alliaceous_vegetables",78756.0
Canada,1996,"leeks,_other_alliaceous_vegetables",83673.0
Canada,1997,"leeks,_other_alliaceous_vegetables",89377.0
Canada,1998,"leeks,_other_alliaceous_vegetables",91503.0
Canada,1999,"leeks,_other_alliaceous_vegetables",88889.0
Canada,2000,"leeks,_other_alliaceous_vegetables",104643.0
Canada,2001,"leeks,_other_alliaceous_vegetables",111930.0
Canada,2002,"leeks,_other_alliaceous_vegetables",105355.0
Canada,2003,"leeks,_other_alliaceous_vegetables",113032.0
Canada,2004,"leeks,_other_alliaceous_vegetables",112500.0
Canada,2005,"leeks,_other_alliaceous_vegetables",124280.0
Canada,2006,"leeks,_other_alliaceous_vegetables",144106.0
Canada,2007,"leeks,_other_alliaceous_vegetables",134387.0
Canada,2008,"leeks,_other_alliaceous_vegetables",143045.0
Canada,2009,"leeks,_other_alliaceous_vegetables",189972.0
Canada,2010,"leeks,_other_alliaceous_vegetables",147731.0
Canada,2011,"leeks,_other_alliaceous_vegetables",160692.0
Canada,2012,"leeks,_other_alliaceous_vegetables",140253.0
Canada,2013,"leeks,_other_alliaceous_vegetables",160978.0
Canada,2014,"leeks,_other_alliaceous_vegetables",166741.0
Canada,2015,"leeks,_other_alliaceous_vegetables",170277.0
Canada,2016,"leeks,_other_alliaceous_vegetables",182078.0
Canada,2017,"leeks,_other_alliaceous_vegetables",177240.0
Canada,2018,"leeks,_other_alliaceous_vegetables",193892.0
Canada,2019,"leeks,_other_alliaceous_vegetables",196116.0
Canada,1973,lentils,7143.0
Canada,1974,lentils,7500.0
Canada,1975,lentils,7500.0
Canada,1976,lentils,7632.0
Canada,1977,lentils,7920.0
Canada,1978,lentils,8162.0
Canada,1979,lentils,8034.0
Canada,1980,lentils,5698.0
Canada,1981,lentils,10922.0
Canada,1982,lentils,12740.0
Canada,1983,lentils,12034.0
Canada,1984,lentils,6126.0
Canada,1985,lentils,8516.0
Canada,1986,lentils,13035.0
Canada,1987,lentils,13154.0
Canada,1988,lentils,4325.0
Canada,1989,lentils,9331.0
Canada,1990,lentils,15958.0
Canada,1991,lentils,14393.0
Canada,1992,lentils,13066.0
Canada,1993,lentils,10638.0
Canada,1994,lentils,11656.0
Canada,1995,lentils,13211.0
Canada,1996,lentils,13262.0
Canada,1997,lentils,11514.0
Canada,1998,lentils,12919.0
Canada,1999,lentils,14575.0
Canada,2000,lentils,13288.0
Canada,2001,lentils,8527.0
Canada,2002,lentils,9201.0
Canada,2003,lentils,9708.0
Canada,2004,lentils,12825.0
Canada,2005,lentils,14832.0
Canada,2006,lentils,12494.0
Canada,2007,lentils,12726.0
Canada,2008,lentils,14899.0
Canada,2009,lentils,15854.0
Canada,2010,lentils,14958.0
Canada,2011,lentils,15661.0
Canada,2012,lentils,15350.0
Canada,2013,lentils,20736.0
Canada,2014,lentils,16323.0
Canada,2015,lentils,15586.0
Canada,2016,lentils,14380.0
Canada,2017,lentils,14424.0
Canada,2018,lentils,13953.0
Canada,2019,lentils,14557.0
Canada,1961,lettuce_and_chicory,125841.0
Canada,1962,lettuce_and_chicory,149280.0
Canada,1963,lettuce_and_chicory,126553.0
Canada,1964,lettuce_and_chicory,128207.0
Canada,1965,lettuce_and_chicory,125438.0
Canada,1966,lettuce_and_chicory,118547.0
Canada,1967,lettuce_and_chicory,130483.0
Canada,1968,lettuce_and_chicory,138921.0
Canada,1969,lettuce_and_chicory,117073.0
Canada,1970,lettuce_and_chicory,134829.0
Canada,1971,lettuce_and_chicory,157973.0
Canada,1972,lettuce_and_chicory,115745.0
Canada,1973,lettuce_and_chicory,156154.0
Canada,1974,lettuce_and_chicory,161880.0
Canada,1975,lettuce_and_chicory,168055.0
Canada,1976,lettuce_and_chicory,174269.0
Canada,1977,lettuce_and_chicory,206131.0
Canada,1978,lettuce_and_chicory,226573.0
Canada,1979,lettuce_and_chicory,225141.0
Canada,1980,lettuce_and_chicory,213208.0
Canada,1981,lettuce_and_chicory,187980.0
Canada,1982,lettuce_and_chicory,196468.0
Canada,1983,lettuce_and_chicory,224987.0
Canada,1984,lettuce_and_chicory,242137.0
Canada,1985,lettuce_and_chicory,259155.0
Canada,1986,lettuce_and_chicory,188561.0
Canada,1987,lettuce_and_chicory,199306.0
Canada,1988,lettuce_and_chicory,208884.0
Canada,1989,lettuce_and_chicory,206091.0
Canada,1990,lettuce_and_chicory,230884.0
Canada,1991,lettuce_and_chicory,239852.0
Canada,1992,lettuce_and_chicory,252091.0
Canada,1993,lettuce_and_chicory,255450.0
Canada,1994,lettuce_and_chicory,268347.0
Canada,1995,lettuce_and_chicory,197400.0
Canada,1996,lettuce_and_chicory,218502.0
Canada,1997,lettuce_and_chicory,334628.0
Canada,1998,lettuce_and_chicory,275645.0
Canada,1999,lettuce_and_chicory,265931.0
Canada,2000,lettuce_and_chicory,190594.0
Canada,2001,lettuce_and_chicory,251297.0
Canada,2002,lettuce_and_chicory,256131.0
Canada,2003,lettuce_and_chicory,248818.0
Canada,2004,lettuce_and_chicory,237381.0
Canada,2005,lettuce_and_chicory,229392.0
Canada,2006,lettuce_and_chicory,184491.0
Canada,2007,lettuce_and_chicory,237614.0
Canada,2008,lettuce_and_chicory,224978.0
Canada,2009,lettuce_and_chicory,234158.0
Canada,2010,lettuce_and_chicory,158420.0
Canada,2011,lettuce_and_chicory,183543.0
Canada,2012,lettuce_and_chicory,223623.0
Canada,2013,lettuce_and_chicory,219870.0
Canada,2014,lettuce_and_chicory,222155.0
Canada,2015,lettuce_and_chicory,222965.0
Canada,2016,lettuce_and_chicory,228849.0
Canada,2017,lettuce_and_chicory,225999.0
Canada,2018,lettuce_and_chicory,225493.0
Canada,2019,lettuce_and_chicory,224846.0
Canada,1961,linseed,4357.0
Canada,1962,linseed,6972.0
Canada,1963,linseed,7878.0
Canada,1964,linseed,6447.0
Canada,1965,linseed,7912.0
Canada,1966,linseed,7207.0
Canada,1967,linseed,5752.0
Canada,1968,linseed,8098.0
Canada,1969,linseed,7521.0
Canada,1970,linseed,9087.0
Canada,1971,linseed,7949.0
Canada,1972,linseed,8371.0
Canada,1973,linseed,8398.0
Canada,1974,linseed,5974.0
Canada,1975,linseed,7846.0
Canada,1976,linseed,8552.0
Canada,1977,linseed,10916.0
Canada,1978,linseed,10864.0
Canada,1979,linseed,8760.0
Canada,1980,linseed,7969.0
Canada,1981,linseed,10032.0
Canada,1982,linseed,11910.0
Canada,1983,linseed,10340.0
Canada,1984,linseed,9627.0
Canada,1985,linseed,12115.0
Canada,1986,linseed,13586.0
Canada,1987,linseed,12329.0
Canada,1988,linseed,7440.0
Canada,1989,linseed,8341.0
Canada,1990,linseed,12810.0
Canada,1991,linseed,12725.0
Canada,1992,linseed,13325.0
Canada,1993,linseed,12404.0
Canada,1994,linseed,13329.0
Canada,1995,linseed,12849.0
Canada,1996,linseed,14800.0
Canada,1997,linseed,12158.0
Canada,1998,linseed,12599.0
Canada,1999,linseed,13225.0
Canada,2000,linseed,11735.0
Canada,2001,linseed,10806.0
Canada,2002,linseed,10726.0
Canada,2003,linseed,10357.0
Canada,2004,linseed,9979.0
Canada,2005,linseed,13522.0
Canada,2006,linseed,12593.0
Canada,2007,linseed,12090.0
Canada,2008,linseed,13773.0
Canada,2009,linseed,14922.0
Canada,2010,linseed,11985.0
Canada,2011,linseed,13689.0
Canada,2012,linseed,13721.0
Canada,2013,linseed,17740.0
Canada,2014,linseed,14045.0
Canada,2015,linseed,15044.0
Canada,2016,linseed,15854.0
Canada,2017,linseed,13251.0
Canada,2018,linseed,14406.0
Canada,2019,linseed,14327.0
Canada,1961,maize,45822.0
Canada,1962,maize,47721.0
Canada,1963,maize,41108.0
Canada,1964,maize,50636.0
Canada,1965,maize,50061.0
Canada,1966,maize,51615.0
Canada,1967,maize,53110.0
Canada,1968,maize,53209.0
Canada,1969,maize,47131.0
Canada,1970,maize,52748.0
Canada,1971,maize,51625.0
Canada,1972,maize,47082.0
Canada,1973,maize,52881.0
Canada,1974,maize,44339.0
Canada,1975,maize,57405.0
Canada,1976,maize,53025.0
Canada,1977,maize,57729.0
Canada,1978,maize,52586.0
Canada,1979,maize,55386.0
Canada,1980,maize,56283.0
Canada,1981,maize,58573.0
Canada,1982,maize,58812.0
Canada,1983,maize,55177.0
Canada,1984,maize,58971.0
Canada,1985,maize,62043.0
Canada,1986,maize,59484.0
Canada,1987,maize,70197.0
Canada,1988,maize,54710.0
Canada,1989,maize,63512.0
Canada,1990,maize,68602.0
Canada,1991,maize,67098.0
Canada,1992,maize,56927.0
Canada,1993,maize,64241.0
Canada,1994,maize,73748.0
Canada,1995,maize,72528.0
Canada,1996,maize,69141.0
Canada,1997,maize,68702.0
Canada,1998,maize,80054.0
Canada,1999,maize,79747.0
Canada,2000,maize,62844.0
Canada,2001,maize,66187.0
Canada,2002,maize,70128.0
Canada,2003,maize,78193.0
Canada,2004,maize,82410.0
Canada,2005,maize,86035.0
Canada,2006,maize,84737.0
Canada,2007,maize,85108.0
Canada,2008,maize,90623.0
Canada,2009,maize,83723.0
Canada,2010,maize,97509.0
Canada,2011,maize,89312.0
Canada,2012,maize,91579.0
Canada,2013,maize,95451.0
Canada,2014,maize,92940.0
Canada,2015,maize,102055.0
Canada,2016,maize,98260.0
Canada,2017,maize,100238.0
Canada,2018,maize,97049.0
Canada,2019,maize,92364.0
Canada,1961,"maize,_green",65868.0
Canada,1962,"maize,_green",69679.0
Canada,1963,"maize,_green",62323.0
Canada,1964,"maize,_green",63188.0
Canada,1965,"maize,_green",65539.0
Canada,1966,"maize,_green",64572.0
Canada,1967,"maize,_green",65170.0
Canada,1968,"maize,_green",67081.0
Canada,1969,"maize,_green",68862.0
Canada,1970,"maize,_green",68955.0
Canada,1971,"maize,_green",86938.0
Canada,1972,"maize,_green",71403.0
Canada,1973,"maize,_green",79931.0
Canada,1974,"maize,_green",78338.0
Canada,1975,"maize,_green",89011.0
Canada,1976,"maize,_green",87634.0
Canada,1977,"maize,_green",95916.0
Canada,1978,"maize,_green",90950.0
Canada,1979,"maize,_green",100757.0
Canada,1980,"maize,_green",97949.0
Canada,1981,"maize,_green",94716.0
Canada,1982,"maize,_green",98501.0
Canada,1983,"maize,_green",85700.0
Canada,1984,"maize,_green",97359.0
Canada,1985,"maize,_green",95377.0
Canada,1986,"maize,_green",87374.0
Canada,1987,"maize,_green",107770.0
Canada,1988,"maize,_green",85263.0
Canada,1989,"maize,_green",94808.0
Canada,1990,"maize,_green",94038.0
Canada,1991,"maize,_green",89905.0
Canada,1992,"maize,_green",93166.0
Canada,1993,"maize,_green",88416.0
Canada,1994,"maize,_green",107763.0
Canada,1995,"maize,_green",102646.0
Canada,1996,"maize,_green",97335.0
Canada,1997,"maize,_green",107152.0
Canada,1998,"maize,_green",104497.0
Canada,1999,"maize,_green",102758.0
Canada,2000,"maize,_green",83982.0
Canada,2001,"maize,_green",87347.0
Canada,2002,"maize,_green",90872.0
Canada,2003,"maize,_green",105638.0
Canada,2004,"maize,_green",109097.0
Canada,2005,"maize,_green",101855.0
Canada,2006,"maize,_green",108589.0
Canada,2007,"maize,_green",113626.0
Canada,2008,"maize,_green",102859.0
Canada,2009,"maize,_green",112855.0
Canada,2010,"maize,_green",106273.0
Canada,2011,"maize,_green",100638.0
Canada,2012,"maize,_green",102938.0
Canada,2013,"maize,_green",105707.0
Canada,2014,"maize,_green",112546.0
Canada,2015,"maize,_green",116633.0
Canada,2016,"maize,_green",106407.0
Canada,2017,"maize,_green",116989.0
Canada,2018,"maize,_green",113929.0
Canada,2019,"maize,_green",116814.0
Canada,1961,"melons,_other_(inc.cantaloupes)",245500.0
Canada,1962,"melons,_other_(inc.cantaloupes)",255125.0
Canada,1963,"melons,_other_(inc.cantaloupes)",255375.0
Canada,1964,"melons,_other_(inc.cantaloupes)",260857.0
Canada,1965,"melons,_other_(inc.cantaloupes)",255412.0
Canada,1966,"melons,_other_(inc.cantaloupes)",251800.0
Canada,1967,"melons,_other_(inc.cantaloupes)",251452.0
Canada,1968,"melons,_other_(inc.cantaloupes)",249737.0
Canada,1969,"melons,_other_(inc.cantaloupes)",249643.0
Canada,1970,"melons,_other_(inc.cantaloupes)",250326.0
Canada,1971,"melons,_other_(inc.cantaloupes)",250133.0
Canada,1972,"melons,_other_(inc.cantaloupes)",249667.0
Canada,1973,"melons,_other_(inc.cantaloupes)",236429.0
Canada,1974,"melons,_other_(inc.cantaloupes)",258333.0
Canada,1975,"melons,_other_(inc.cantaloupes)",259000.0
Canada,1976,"melons,_other_(inc.cantaloupes)",233000.0
Canada,1977,"melons,_other_(inc.cantaloupes)",240250.0
Canada,1978,"melons,_other_(inc.cantaloupes)",248000.0
Canada,1979,"melons,_other_(inc.cantaloupes)",243333.0
Canada,1980,"melons,_other_(inc.cantaloupes)",262500.0
Canada,1981,"melons,_other_(inc.cantaloupes)",244500.0
Canada,1982,"melons,_other_(inc.cantaloupes)",228571.0
Canada,1983,"melons,_other_(inc.cantaloupes)",243478.0
Canada,1984,"melons,_other_(inc.cantaloupes)",242500.0
Canada,1985,"melons,_other_(inc.cantaloupes)",237143.0
Canada,1986,"melons,_other_(inc.cantaloupes)",286667.0
Canada,1987,"melons,_other_(inc.cantaloupes)",264286.0
Canada,1988,"melons,_other_(inc.cantaloupes)",270000.0
Canada,1989,"melons,_other_(inc.cantaloupes)",232000.0
Canada,1990,"melons,_other_(inc.cantaloupes)",250000.0
Canada,1993,"melons,_other_(inc.cantaloupes)",123281.0
Canada,1994,"melons,_other_(inc.cantaloupes)",178132.0
Canada,1995,"melons,_other_(inc.cantaloupes)",158946.0
Canada,1996,"melons,_other_(inc.cantaloupes)",171708.0
Canada,1997,"melons,_other_(inc.cantaloupes)",229974.0
Canada,1998,"melons,_other_(inc.cantaloupes)",223233.0
Canada,1999,"melons,_other_(inc.cantaloupes)",261913.0
Canada,2000,"melons,_other_(inc.cantaloupes)",219974.0
Canada,2001,"melons,_other_(inc.cantaloupes)",231166.0
Canada,2002,"melons,_other_(inc.cantaloupes)",247528.0
Canada,2003,"melons,_other_(inc.cantaloupes)",251316.0
Canada,2004,"melons,_other_(inc.cantaloupes)",251826.0
Canada,2005,"melons,_other_(inc.cantaloupes)",277785.0
Canada,2006,"melons,_other_(inc.cantaloupes)",272146.0
Canada,2007,"melons,_other_(inc.cantaloupes)",225721.0
Canada,2008,"melons,_other_(inc.cantaloupes)",244504.0
Canada,2009,"melons,_other_(inc.cantaloupes)",255410.0
Canada,2010,"melons,_other_(inc.cantaloupes)",250879.0
Canada,2011,"melons,_other_(inc.cantaloupes)",244301.0
Canada,2012,"melons,_other_(inc.cantaloupes)",283362.0
Canada,2013,"melons,_other_(inc.cantaloupes)",272016.0
Canada,2014,"melons,_other_(inc.cantaloupes)",269695.0
Canada,2015,"melons,_other_(inc.cantaloupes)",253997.0
Canada,2016,"melons,_other_(inc.cantaloupes)",268530.0
Canada,2017,"melons,_other_(inc.cantaloupes)",262881.0
Canada,2018,"melons,_other_(inc.cantaloupes)",286901.0
Canada,2019,"melons,_other_(inc.cantaloupes)",282812.0
Canada,1961,mustard_seed,3479.0
Canada,1962,mustard_seed,6239.0
Canada,1963,mustard_seed,9563.0
Canada,1964,mustard_seed,7330.0
Canada,1965,mustard_seed,8816.0
Canada,1966,mustard_seed,9242.0
Canada,1967,mustard_seed,7602.0
Canada,1968,mustard_seed,9862.0
Canada,1969,mustard_seed,10831.0
Canada,1970,mustard_seed,10530.0
Canada,1971,mustard_seed,10084.0
Canada,1972,mustard_seed,9434.0
Canada,1973,mustard_seed,8766.0
Canada,1974,mustard_seed,8326.0
Canada,1975,mustard_seed,7599.0
Canada,1976,mustard_seed,10023.0
Canada,1977,mustard_seed,10777.0
Canada,1978,mustard_seed,10560.0
Canada,1979,mustard_seed,7796.0
Canada,1980,mustard_seed,9784.0
Canada,1981,mustard_seed,11027.0
Canada,1982,mustard_seed,12047.0
Canada,1983,mustard_seed,9085.0
Canada,1984,mustard_seed,8000.0
Canada,1985,mustard_seed,9119.0
Canada,1986,mustard_seed,12325.0
Canada,1987,mustard_seed,11658.0
Canada,1988,mustard_seed,7003.0
Canada,1989,mustard_seed,7744.0
Canada,1990,mustard_seed,10815.0
Canada,1991,mustard_seed,10728.0
Canada,1992,mustard_seed,12096.0
Canada,1993,mustard_seed,11595.0
Canada,1994,mustard_seed,9867.0
Canada,1995,mustard_seed,9360.0
Canada,1996,mustard_seed,9906.0
Canada,1997,mustard_seed,8330.0
Canada,1998,mustard_seed,8549.0
Canada,1999,mustard_seed,11223.0
Canada,2000,mustard_seed,9726.0
Canada,2001,mustard_seed,6652.0
Canada,2002,mustard_seed,6056.0
Canada,2003,mustard_seed,6900.0
Canada,2004,mustard_seed,10077.0
Canada,2005,mustard_seed,9777.0
Canada,2006,mustard_seed,8355.0
Canada,2007,mustard_seed,6702.0
Canada,2008,mustard_seed,8750.0
Canada,2009,mustard_seed,9995.0
Canada,2010,mustard_seed,9995.0
Canada,2011,mustard_seed,10133.0
Canada,2012,mustard_seed,8805.0
Canada,2013,mustard_seed,10604.0
Canada,2014,mustard_seed,10133.0
Canada,2015,mustard_seed,9306.0
Canada,2016,mustard_seed,12088.0
Canada,2017,mustard_seed,7953.0
Canada,2018,mustard_seed,8803.0
Canada,2019,mustard_seed,8701.0
Canada,1961,oats,12667.0
Canada,1962,oats,17762.0
Canada,1963,oats,18195.0
Canada,1964,oats,16565.0
Canada,1965,oats,18230.0
Canada,1966,oats,18017.0
Canada,1967,oats,15585.0
Canada,1968,oats,18293.0
Canada,1969,oats,18532.0
Canada,1970,oats,19551.0
Canada,1971,oats,20278.0
Canada,1972,oats,18743.0
Canada,1973,oats,18598.0
Canada,1974,oats,16096.0
Canada,1975,oats,18555.0
Canada,1976,oats,20052.0
Canada,1977,oats,20202.0
Canada,1978,oats,19797.0
Canada,1979,oats,19294.0
Canada,1980,oats,20059.0
Canada,1981,oats,20430.0
Canada,1982,oats,22548.0
Canada,1983,oats,19804.0
Canada,1984,oats,19275.0
Canada,1985,oats,21655.0
Canada,1986,oats,25262.0
Canada,1987,oats,23718.0
Canada,1988,oats,21825.0
Canada,1989,oats,20651.0
Canada,1990,oats,23328.0
Canada,1991,oats,21310.0
Canada,1992,oats,22761.0
Canada,1993,oats,26484.0
Canada,1994,oats,24397.0
Canada,1995,oats,23723.0
Canada,1996,oats,25897.0
Canada,1997,oats,23255.0
Canada,1998,oats,24865.0
Canada,1999,oats,26039.0
Canada,2000,oats,26077.0
Canada,2001,oats,21727.0
Canada,2002,oats,21109.0
Canada,2003,oats,23867.0
Canada,2004,oats,28090.0
Canada,2005,oats,25822.0
Canada,2006,oats,25066.0
Canada,2007,oats,25897.0
Canada,2008,oats,29499.0
Canada,2009,oats,29697.0
Canada,2010,oats,27491.0
Canada,2011,oats,29137.0
Canada,2012,oats,28161.0
Canada,2013,oats,34804.0
Canada,2014,oats,31715.0
Canada,2015,oats,32684.0
Canada,2016,oats,34947.0
Canada,2017,oats,35488.0
Canada,2018,oats,34192.0
Canada,2019,oats,36182.0
Canada,2002,oilseeds_nes,6667.0
Canada,2003,oilseeds_nes,3125.0
Canada,2004,oilseeds_nes,3500.0
Canada,2005,oilseeds_nes,3500.0
Canada,2006,oilseeds_nes,3744.0
Canada,2007,oilseeds_nes,3720.0
Canada,2008,oilseeds_nes,3706.0
Canada,2009,oilseeds_nes,3701.0
Canada,2010,oilseeds_nes,14984.0
Canada,2011,oilseeds_nes,28441.0
Canada,2013,oilseeds_nes,52083.0
Canada,2014,oilseeds_nes,31725.0
Canada,2015,oilseeds_nes,26607.0
Canada,2016,oilseeds_nes,28564.0
Canada,2017,oilseeds_nes,30150.0
Canada,2018,oilseeds_nes,31735.0
Canada,2019,oilseeds_nes,33321.0
Canada,1961,"onions,_dry",217809.0
Canada,1962,"onions,_dry",286918.0
Canada,1963,"onions,_dry",286611.0
Canada,1964,"onions,_dry",244375.0
Canada,1965,"onions,_dry",302301.0
Canada,1966,"onions,_dry",236490.0
Canada,1967,"onions,_dry",267587.0
Canada,1968,"onions,_dry",309839.0
Canada,1969,"onions,_dry",251259.0
Canada,1970,"onions,_dry",280089.0
Canada,1971,"onions,_dry",289559.0
Canada,1972,"onions,_dry",231228.0
Canada,1973,"onions,_dry",260883.0
Canada,1974,"onions,_dry",290791.0
Canada,1975,"onions,_dry",298449.0
Canada,1976,"onions,_dry",233730.0
Canada,1977,"onions,_dry",291792.0
Canada,1978,"onions,_dry",345705.0
Canada,1979,"onions,_dry",307801.0
Canada,1980,"onions,_dry",284113.0
Canada,1981,"onions,_dry",337557.0
Canada,1982,"onions,_dry",334636.0
Canada,1983,"onions,_dry",301380.0
Canada,1984,"onions,_dry",398794.0
Canada,1985,"onions,_dry",387910.0
Canada,1986,"onions,_dry",318802.0
Canada,1987,"onions,_dry",359496.0
Canada,1988,"onions,_dry",303885.0
Canada,1989,"onions,_dry",342294.0
Canada,1990,"onions,_dry",317397.0
Canada,1991,"onions,_dry",301205.0
Canada,1992,"onions,_dry",278163.0
Canada,1993,"onions,_dry",346506.0
Canada,1994,"onions,_dry",266944.0
Canada,1995,"onions,_dry",338502.0
Canada,1996,"onions,_dry",363597.0
Canada,1997,"onions,_dry",354507.0
Canada,1998,"onions,_dry",354646.0
Canada,1999,"onions,_dry",355818.0
Canada,2000,"onions,_dry",368993.0
Canada,2001,"onions,_dry",359576.0
Canada,2002,"onions,_dry",281369.0
Canada,2003,"onions,_dry",296177.0
Canada,2004,"onions,_dry",331361.0
Canada,2005,"onions,_dry",322004.0
Canada,2006,"onions,_dry",350254.0
Canada,2007,"onions,_dry",348818.0
Canada,2008,"onions,_dry",333374.0
Canada,2009,"onions,_dry",387452.0
Canada,2010,"onions,_dry",375891.0
Canada,2011,"onions,_dry",364822.0
Canada,2012,"onions,_dry",370553.0
Canada,2013,"onions,_dry",389308.0
Canada,2014,"onions,_dry",478088.0
Canada,2015,"onions,_dry",433062.0
Canada,2016,"onions,_dry",406501.0
Canada,2017,"onions,_dry",428798.0
Canada,2018,"onions,_dry",444236.0
Canada,2019,"onions,_dry",463074.0
Canada,1961,peaches_and_nectarines,90807.0
Canada,1962,peaches_and_nectarines,90723.0
Canada,1963,peaches_and_nectarines,90757.0
Canada,1964,peaches_and_nectarines,90780.0
Canada,1965,peaches_and_nectarines,91058.0
Canada,1966,peaches_and_nectarines,90739.0
Canada,1967,peaches_and_nectarines,90564.0
Canada,1968,peaches_and_nectarines,90883.0
Canada,1969,peaches_and_nectarines,90911.0
Canada,1970,peaches_and_nectarines,90927.0
Canada,1971,peaches_and_nectarines,90786.0
Canada,1972,peaches_and_nectarines,90766.0
Canada,1973,peaches_and_nectarines,90884.0
Canada,1974,peaches_and_nectarines,90726.0
Canada,1975,peaches_and_nectarines,90790.0
Canada,1976,peaches_and_nectarines,90757.0
Canada,1977,peaches_and_nectarines,90858.0
Canada,1978,peaches_and_nectarines,90744.0
Canada,1979,peaches_and_nectarines,90712.0
Canada,1980,peaches_and_nectarines,85306.0
Canada,1981,peaches_and_nectarines,78991.0
Canada,1982,peaches_and_nectarines,81564.0
Canada,1983,peaches_and_nectarines,82594.0
Canada,1984,peaches_and_nectarines,80450.0
Canada,1985,peaches_and_nectarines,81162.0
Canada,1986,peaches_and_nectarines,85128.0
Canada,1987,peaches_and_nectarines,87971.0
Canada,1988,peaches_and_nectarines,89063.0
Canada,1989,peaches_and_nectarines,97258.0
Canada,1990,peaches_and_nectarines,114237.0
Canada,1991,peaches_and_nectarines,82385.0
Canada,1992,peaches_and_nectarines,97604.0
Canada,1993,peaches_and_nectarines,94968.0
Canada,1994,peaches_and_nectarines,106944.0
Canada,1995,peaches_and_nectarines,117122.0
Canada,1996,peaches_and_nectarines,113690.0
Canada,1997,peaches_and_nectarines,88813.0
Canada,1998,peaches_and_nectarines,104218.0
Canada,1999,peaches_and_nectarines,102592.0
Canada,2000,peaches_and_nectarines,105234.0
Canada,2001,peaches_and_nectarines,107757.0
Canada,2002,peaches_and_nectarines,107273.0
Canada,2003,peaches_and_nectarines,108412.0
Canada,2004,peaches_and_nectarines,105624.0
Canada,2005,peaches_and_nectarines,89996.0
Canada,2006,peaches_and_nectarines,103415.0
Canada,2007,peaches_and_nectarines,113058.0
Canada,2008,peaches_and_nectarines,90972.0
Canada,2009,peaches_and_nectarines,107128.0
Canada,2010,peaches_and_nectarines,100541.0
Canada,2011,peaches_and_nectarines,90816.0
Canada,2012,peaches_and_nectarines,83321.0
Canada,2013,peaches_and_nectarines,95038.0
Canada,2014,peaches_and_nectarines,95853.0
Canada,2015,peaches_and_nectarines,103641.0
Canada,2016,peaches_and_nectarines,97951.0
Canada,2017,peaches_and_nectarines,100674.0
Canada,2018,peaches_and_nectarines,110916.0
Canada,2019,peaches_and_nectarines,108085.0
Canada,1961,pears,67655.0
Canada,1962,pears,67835.0
Canada,1963,pears,68354.0
Canada,1964,pears,67682.0
Canada,1965,pears,66767.0
Canada,1966,pears,67964.0
Canada,1967,pears,67856.0
Canada,1968,pears,67638.0
Canada,1969,pears,67968.0
Canada,1970,pears,68391.0
Canada,1971,pears,88530.0
Canada,1972,pears,88569.0
Canada,1973,pears,88563.0
Canada,1974,pears,88007.0
Canada,1975,pears,87853.0
Canada,1976,pears,87922.0
Canada,1977,pears,87966.0
Canada,1978,pears,87383.0
Canada,1979,pears,87458.0
Canada,1980,pears,87567.0
Canada,1981,pears,102426.0
Canada,1982,pears,102463.0
Canada,1983,pears,102425.0
Canada,1984,pears,101471.0
Canada,1985,pears,106479.0
Canada,1986,pears,105213.0
Canada,1987,pears,106242.0
Canada,1988,pears,108372.0
Canada,1989,pears,97355.0
Canada,1990,pears,85048.0
Canada,1991,pears,84355.0
Canada,1992,pears,98025.0
Canada,1993,pears,87647.0
Canada,1994,pears,70309.0
Canada,1995,pears,72836.0
Canada,1996,pears,88487.0
Canada,1997,pears,85621.0
Canada,1998,pears,112224.0
Canada,1999,pears,141076.0
Canada,2000,pears,146781.0
Canada,2001,pears,125590.0
Canada,2002,pears,109532.0
Canada,2003,pears,121288.0
Canada,2004,pears,119231.0
Canada,2005,pears,100967.0
Canada,2006,pears,118650.0
Canada,2007,pears,99048.0
Canada,2008,pears,87342.0
Canada,2009,pears,106464.0
Canada,2010,pears,113030.0
Canada,2011,pears,111640.0
Canada,2012,pears,99349.0
Canada,2013,pears,129516.0
Canada,2014,pears,110652.0
Canada,2015,pears,115677.0
Canada,2016,pears,108010.0
Canada,2017,pears,127584.0
Canada,2018,pears,120868.0
Canada,2019,pears,135596.0
Canada,1961,"peas,_dry",10954.0
Canada,1962,"peas,_dry",12635.0
Canada,1963,"peas,_dry",11793.0
Canada,1964,"peas,_dry",12264.0
Canada,1965,"peas,_dry",17423.0
Canada,1966,"peas,_dry",13275.0
Canada,1967,"peas,_dry",15701.0
Canada,1968,"peas,_dry",13500.0
Canada,1969,"peas,_dry",10579.0
Canada,1970,"peas,_dry",11320.0
Canada,1971,"peas,_dry",14765.0
Canada,1972,"peas,_dry",17488.0
Canada,1973,"peas,_dry",16217.0
Canada,1974,"peas,_dry",14084.0
Canada,1975,"peas,_dry",15565.0
Canada,1976,"peas,_dry",17586.0
Canada,1977,"peas,_dry",15959.0
Canada,1978,"peas,_dry",17181.0
Canada,1979,"peas,_dry",18050.0
Canada,1980,"peas,_dry",15416.0
Canada,1981,"peas,_dry",18571.0
Canada,1982,"peas,_dry",19975.0
Canada,1983,"peas,_dry",18121.0
Canada,1984,"peas,_dry",17597.0
Canada,1985,"peas,_dry",22658.0
Canada,1986,"peas,_dry",18181.0
Canada,1987,"peas,_dry",17533.0
Canada,1988,"peas,_dry",11793.0
Canada,1989,"peas,_dry",15648.0
Canada,1990,"peas,_dry",21394.0
Canada,1991,"peas,_dry",20650.0
Canada,1992,"peas,_dry",19490.0
Canada,1993,"peas,_dry",20757.0
Canada,1994,"peas,_dry",21070.0
Canada,1995,"peas,_dry",18388.0
Canada,1996,"peas,_dry",22558.0
Canada,1997,"peas,_dry",20787.0
Canada,1998,"peas,_dry",21667.0
Canada,1999,"peas,_dry",26966.0
Canada,2000,"peas,_dry",23480.0
Canada,2001,"peas,_dry",10000.0
Canada,2002,"peas,_dry",13111.0
Canada,2003,"peas,_dry",16802.0
Canada,2004,"peas,_dry",24899.0
Canada,2005,"peas,_dry",23633.0
Canada,2006,"peas,_dry",20479.0
Canada,2007,"peas,_dry",20342.0
Canada,2008,"peas,_dry",22616.0
Canada,2009,"peas,_dry",22723.0
Canada,2010,"peas,_dry",21731.0
Canada,2011,"peas,_dry",25688.0
Canada,2012,"peas,_dry",22649.0
Canada,2013,"peas,_dry",29530.0
Canada,2014,"peas,_dry",23726.0
Canada,2015,"peas,_dry",21422.0
Canada,2016,"peas,_dry",28838.0
Canada,2017,"peas,_dry",25042.0
Canada,2018,"peas,_dry",25019.0
Canada,2019,"peas,_dry",24760.0
Canada,1961,"peas,_green",25120.0
Canada,1962,"peas,_green",27622.0
Canada,1963,"peas,_green",25028.0
Canada,1964,"peas,_green",25207.0
Canada,1965,"peas,_green",31435.0
Canada,1966,"peas,_green",25829.0
Canada,1967,"peas,_green",24958.0
Canada,1968,"peas,_green",33230.0
Canada,1969,"peas,_green",27091.0
Canada,1970,"peas,_green",30130.0
Canada,1971,"peas,_green",29568.0
Canada,1972,"peas,_green",27754.0
Canada,1973,"peas,_green",28046.0
Canada,1974,"peas,_green",29703.0
Canada,1975,"peas,_green",29083.0
Canada,1976,"peas,_green",28378.0
Canada,1977,"peas,_green",33647.0
Canada,1978,"peas,_green",32714.0
Canada,1979,"peas,_green",36618.0
Canada,1980,"peas,_green",37818.0
Canada,1981,"peas,_green",35482.0
Canada,1982,"peas,_green",35142.0
Canada,1983,"peas,_green",28773.0
Canada,1984,"peas,_green",37058.0
Canada,1985,"peas,_green",42472.0
Canada,1986,"peas,_green",40236.0
Canada,1987,"peas,_green",40256.0
Canada,1988,"peas,_green",31736.0
Canada,1989,"peas,_green",40265.0
Canada,1990,"peas,_green",40087.0
Canada,1991,"peas,_green",34761.0
Canada,1992,"peas,_green",43525.0
Canada,1993,"peas,_green",38179.0
Canada,1994,"peas,_green",35217.0
Canada,1995,"peas,_green",35100.0
Canada,1996,"peas,_green",41251.0
Canada,1997,"peas,_green",39704.0
Canada,1998,"peas,_green",39005.0
Canada,1999,"peas,_green",40164.0
Canada,2000,"peas,_green",42090.0
Canada,2001,"peas,_green",43231.0
Canada,2002,"peas,_green",32937.0
Canada,2003,"peas,_green",43572.0
Canada,2004,"peas,_green",43551.0
Canada,2005,"peas,_green",38540.0
Canada,2006,"peas,_green",44220.0
Canada,2007,"peas,_green",37247.0
Canada,2008,"peas,_green",48133.0
Canada,2009,"peas,_green",45443.0
Canada,2010,"peas,_green",43943.0
Canada,2011,"peas,_green",36967.0
Canada,2012,"peas,_green",44522.0
Canada,2013,"peas,_green",41242.0
Canada,2014,"peas,_green",46452.0
Canada,2015,"peas,_green",47969.0
Canada,2016,"peas,_green",47288.0
Canada,2017,"peas,_green",43354.0
Canada,2018,"peas,_green",42034.0
Canada,2019,"peas,_green",45349.0
Canada,1961,plums_and_sloes,54621.0
Canada,1962,plums_and_sloes,53617.0
Canada,1963,plums_and_sloes,53268.0
Canada,1964,plums_and_sloes,53456.0
Canada,1965,plums_and_sloes,53196.0
Canada,1966,plums_and_sloes,53099.0
Canada,1967,plums_and_sloes,53313.0
Canada,1968,plums_and_sloes,52917.0
Canada,1969,plums_and_sloes,53117.0
Canada,1970,plums_and_sloes,53107.0
Canada,1971,plums_and_sloes,53289.0
Canada,1972,plums_and_sloes,53331.0
Canada,1973,plums_and_sloes,53563.0
Canada,1974,plums_and_sloes,53550.0
Canada,1975,plums_and_sloes,53447.0
Canada,1976,plums_and_sloes,53050.0
Canada,1977,plums_and_sloes,53541.0
Canada,1978,plums_and_sloes,53516.0
Canada,1979,plums_and_sloes,53297.0
Canada,1980,plums_and_sloes,53326.0
Canada,1981,plums_and_sloes,41616.0
Canada,1982,plums_and_sloes,41361.0
Canada,1983,plums_and_sloes,41940.0
Canada,1984,plums_and_sloes,41477.0
Canada,1985,plums_and_sloes,41987.0
Canada,1986,plums_and_sloes,41872.0
Canada,1987,plums_and_sloes,41352.0
Canada,1988,plums_and_sloes,41385.0
Canada,1989,plums_and_sloes,47656.0
Canada,1990,plums_and_sloes,45251.0
Canada,1991,plums_and_sloes,43596.0
Canada,1992,plums_and_sloes,29952.0
Canada,1993,plums_and_sloes,28008.0
Canada,1994,plums_and_sloes,36750.0
Canada,1995,plums_and_sloes,55618.0
Canada,1996,plums_and_sloes,61822.0
Canada,1997,plums_and_sloes,52917.0
Canada,1998,plums_and_sloes,52694.0
Canada,1999,plums_and_sloes,57310.0
Canada,2000,plums_and_sloes,46416.0
Canada,2001,plums_and_sloes,53757.0
Canada,2002,plums_and_sloes,45978.0
Canada,2003,plums_and_sloes,53632.0
Canada,2004,plums_and_sloes,53239.0
Canada,2005,plums_and_sloes,50629.0
Canada,2006,plums_and_sloes,68019.0
Canada,2007,plums_and_sloes,45222.0
Canada,2008,plums_and_sloes,50615.0
Canada,2009,plums_and_sloes,64420.0
Canada,2010,plums_and_sloes,78530.0
Canada,2011,plums_and_sloes,52413.0
Canada,2012,plums_and_sloes,44293.0
Canada,2013,plums_and_sloes,62828.0
Canada,2014,plums_and_sloes,67214.0
Canada,2015,plums_and_sloes,64866.0
Canada,2016,plums_and_sloes,59234.0
Canada,2017,plums_and_sloes,83923.0
Canada,2018,plums_and_sloes,69923.0
Canada,2019,plums_and_sloes,75093.0
Canada,1961,potatoes,160960.0
Canada,1962,potatoes,182152.0
Canada,1963,potatoes,179741.0
Canada,1964,potatoes,190517.0
Canada,1965,potatoes,173135.0
Canada,1966,potatoes,191462.0
Canada,1967,potatoes,171774.0
Canada,1968,potatoes,194680.0
Canada,1969,potatoes,189667.0
Canada,1970,potatoes,194904.0
Canada,1971,potatoes,188363.0
Canada,1972,potatoes,187349.0
Canada,1973,potatoes,193155.0
Canada,1974,potatoes,217693.0
Canada,1975,potatoes,207350.0
Canada,1976,potatoes,219738.0
Canada,1977,potatoes,225227.0
Canada,1978,potatoes,226894.0
Canada,1979,potatoes,243300.0
Canada,1980,potatoes,231738.0
Canada,1981,potatoes,239490.0
Canada,1982,potatoes,245243.0
Canada,1983,potatoes,226148.0
Canada,1984,potatoes,237766.0
Canada,1985,potatoes,262708.0
Canada,1986,potatoes,252736.0
Canada,1987,potatoes,266270.0
Canada,1988,potatoes,245193.0
Canada,1989,potatoes,251214.0
Canada,1990,potatoes,250994.0
Canada,1991,potatoes,96637.0
Canada,1992,potatoes,118173.0
Canada,1993,potatoes,107674.0
Canada,1994,potatoes,112448.0
Canada,1995,potatoes,107859.0
Canada,1996,potatoes,112323.0
Canada,1997,potatoes,111195.0
Canada,1998,potatoes,112271.0
Canada,1999,potatoes,110517.0
Canada,2000,potatoes,116314.0
Canada,2001,potatoes,102703.0
Canada,2002,potatoes,111652.0
Canada,2003,potatoes,118424.0
Canada,2004,potatoes,123630.0
Canada,2005,potatoes,115053.0
Canada,2006,potatoes,130482.0
Canada,2007,potatoes,126498.0
Canada,2008,potatoes,126065.0
Canada,2009,potatoes,127453.0
Canada,2010,potatoes,390809.0
Canada,2011,potatoes,366462.0
Canada,2012,potatoes,386092.0
Canada,2013,potatoes,410606.0
Canada,2014,potatoes,413836.0
Canada,2015,potatoes,427087.0
Canada,2016,potatoes,387791.0
Canada,2017,potatoes,393780.0
Canada,2018,potatoes,389119.0
Canada,2019,potatoes,391049.0
Canada,1993,"pumpkins,_squash_and_gourds",113796.0
Canada,1994,"pumpkins,_squash_and_gourds",321917.0
Canada,1995,"pumpkins,_squash_and_gourds",321250.0
Canada,1996,"pumpkins,_squash_and_gourds",227238.0
Canada,1997,"pumpkins,_squash_and_gourds",239354.0
Canada,1998,"pumpkins,_squash_and_gourds",127932.0
Canada,1999,"pumpkins,_squash_and_gourds",139645.0
Canada,2000,"pumpkins,_squash_and_gourds",113109.0
Canada,2001,"pumpkins,_squash_and_gourds",108903.0
Canada,2002,"pumpkins,_squash_and_gourds",123199.0
Canada,2003,"pumpkins,_squash_and_gourds",132278.0
Canada,2004,"pumpkins,_squash_and_gourds",128772.0
Canada,2005,"pumpkins,_squash_and_gourds",146369.0
Canada,2006,"pumpkins,_squash_and_gourds",160206.0
Canada,2007,"pumpkins,_squash_and_gourds",128222.0
Canada,2008,"pumpkins,_squash_and_gourds",149079.0
Canada,2009,"pumpkins,_squash_and_gourds",169756.0
Canada,2010,"pumpkins,_squash_and_gourds",148624.0
Canada,2011,"pumpkins,_squash_and_gourds",164354.0
Canada,2012,"pumpkins,_squash_and_gourds",176826.0
Canada,2013,"pumpkins,_squash_and_gourds",149174.0
Canada,2014,"pumpkins,_squash_and_gourds",190034.0
Canada,2015,"pumpkins,_squash_and_gourds",192301.0
Canada,2016,"pumpkins,_squash_and_gourds",192354.0
Canada,2017,"pumpkins,_squash_and_gourds",203054.0
Canada,2018,"pumpkins,_squash_and_gourds",215297.0
Canada,2019,"pumpkins,_squash_and_gourds",218257.0
Canada,1961,rapeseed,8853.0
Canada,1962,rapeseed,8847.0
Canada,1963,rapeseed,9802.0
Canada,1964,rapeseed,9381.0
Canada,1965,rapeseed,8826.0
Canada,1966,rapeseed,9482.0
Canada,1967,rapeseed,8545.0
Canada,1968,rapeseed,10335.0
Canada,1969,rapeseed,9304.0
Canada,1970,rapeseed,9991.0
Canada,1971,rapeseed,10034.0
Canada,1972,rapeseed,9821.0
Canada,1973,rapeseed,9465.0
Canada,1974,rapeseed,9098.0
Canada,1975,rapeseed,10055.0
Canada,1976,rapeseed,11631.0
Canada,1977,rapeseed,13582.0
Canada,1978,rapeseed,12381.0
Canada,1979,rapeseed,10011.0
Canada,1980,rapeseed,11939.0
Canada,1981,rapeseed,13189.0
Canada,1982,rapeseed,12700.0
Canada,1983,rapeseed,11275.0
Canada,1984,rapeseed,11109.0
Canada,1985,rapeseed,12568.0
Canada,1986,rapeseed,14342.0
Canada,1987,rapeseed,14401.0
Canada,1988,rapeseed,11488.0
Canada,1989,rapeseed,11001.0
Canada,1990,rapeseed,12914.0
Canada,1991,rapeseed,13451.0
Canada,1992,rapeseed,12716.0
Canada,1993,rapeseed,13398.0
Canada,1994,rapeseed,12568.0
Canada,1995,rapeseed,12207.0
Canada,1996,rapeseed,14669.0
Canada,1997,rapeseed,13129.0
Canada,1998,rapeseed,14079.0
Canada,1999,rapeseed,15812.0
Canada,2000,rapeseed,14828.0
Canada,2001,rapeseed,13255.0
Canada,2002,rapeseed,12460.0
Canada,2003,rapeseed,14440.0
Canada,2004,rapeseed,15767.0
Canada,2005,rapeseed,18324.0
Canada,2006,rapeseed,17182.0
Canada,2007,rapeseed,15177.0
Canada,2008,rapeseed,19466.0
Canada,2009,rapeseed,19794.0
Canada,2010,rapeseed,18648.0
Canada,2011,rapeseed,19248.0
Canada,2012,rapeseed,15653.0
Canada,2013,rapeseed,22531.0
Canada,2014,rapeseed,19554.0
Canada,2015,rapeseed,21970.0
Canada,2016,rapeseed,23718.0
Canada,2017,rapeseed,23000.0
Canada,2018,rapeseed,22306.0
Canada,2019,rapeseed,22417.0
Canada,1961,raspberries,38171.0
Canada,1962,raspberries,37394.0
Canada,1963,raspberries,37818.0
Canada,1964,raspberries,39363.0
Canada,1965,raspberries,36800.0
Canada,1966,raspberries,38428.0
Canada,1967,raspberries,35564.0
Canada,1968,raspberries,36143.0
Canada,1969,raspberries,36868.0
Canada,1970,raspberries,37089.0
Canada,1971,raspberries,32311.0
Canada,1972,raspberries,33183.0
Canada,1973,raspberries,32872.0
Canada,1974,raspberries,31000.0
Canada,1975,raspberries,29887.0
Canada,1976,raspberries,28904.0
Canada,1977,raspberries,34023.0
Canada,1978,raspberries,33609.0
Canada,1979,raspberries,32883.0
Canada,1980,raspberries,40645.0
Canada,1981,raspberries,50361.0
Canada,1982,raspberries,47615.0
Canada,1983,raspberries,59554.0
Canada,1984,raspberries,58820.0
Canada,1985,raspberries,61052.0
Canada,1986,raspberries,62429.0
Canada,1987,raspberries,65411.0
Canada,1988,raspberries,66814.0
Canada,1989,raspberries,63344.0
Canada,1990,raspberries,41137.0
Canada,1991,raspberries,37794.0
Canada,1992,raspberries,49244.0
Canada,1993,raspberries,50490.0
Canada,1994,raspberries,58292.0
Canada,1995,raspberries,50592.0
Canada,1996,raspberries,40017.0
Canada,1997,raspberries,50020.0
Canada,1998,raspberries,44352.0
Canada,1999,raspberries,50949.0
Canada,2000,raspberries,51526.0
Canada,2001,raspberries,42803.0
Canada,2002,raspberries,44246.0
Canada,2003,raspberries,42559.0
Canada,2004,raspberries,42042.0
Canada,2005,raspberries,43264.0
Canada,2006,raspberries,42151.0
Canada,2007,raspberries,45635.0
Canada,2008,raspberries,49189.0
Canada,2009,raspberries,52734.0
Canada,2010,raspberries,49599.0
Canada,2011,raspberries,49168.0
Canada,2012,raspberries,48382.0
Canada,2013,raspberries,50474.0
Canada,2014,raspberries,58073.0
Canada,2015,raspberries,53537.0
Canada,2016,raspberries,57375.0
Canada,2017,raspberries,53157.0
Canada,2018,raspberries,52081.0
Canada,2019,raspberries,48566.0
Canada,1961,rye,7313.0
Canada,1962,rye,12057.0
Canada,1963,rye,12319.0
Canada,1964,rye,11136.0
Canada,1965,rye,14010.0
Canada,1966,rye,14892.0
Canada,1967,rye,10970.0
Canada,1968,rye,12065.0
Canada,1969,rye,11211.0
Canada,1970,rye,14271.0
Canada,1971,rye,14374.0
Canada,1972,rye,13379.0
Canada,1973,rye,14151.0
Canada,1974,rye,14633.0
Canada,1975,rye,16511.0
Canada,1976,rye,17583.0
Canada,1977,rye,16247.0
Canada,1978,rye,19031.0
Canada,1979,rye,15946.0
Canada,1980,rye,14555.0
Canada,1981,rye,20899.0
Canada,1982,rye,20416.0
Canada,1983,rye,19365.0
Canada,1984,rye,17955.0
Canada,1985,rye,16116.0
Canada,1986,rye,19330.0
Canada,1987,rye,15713.0
Canada,1988,rye,10412.0
Canada,1989,rye,17743.0
Canada,1990,rye,17561.0
Canada,1991,rye,18744.0
Canada,1992,rye,19333.0
Canada,1993,rye,19777.0
Canada,1994,rye,21227.0
Canada,1995,rye,19111.0
Canada,1996,rye,19134.0
Canada,1997,rye,19753.0
Canada,1998,rye,19663.0
Canada,1999,rye,22916.0
Canada,2000,rye,22734.0
Canada,2001,rye,18520.0
Canada,2002,rye,17422.0
Canada,2003,rye,22206.0
Canada,2004,rye,25351.0
Canada,2005,rye,24276.0
Canada,2006,rye,23362.0
Canada,2007,rye,21856.0
Canada,2008,rye,24084.0
Canada,2009,rye,24307.0
Canada,2010,rye,24424.0
Canada,2011,rye,25198.0
Canada,2012,rye,28215.0
Canada,2013,rye,25650.0
Canada,2014,rye,24660.0
Canada,2015,rye,23862.0
Canada,2016,rye,31210.0
Canada,2017,rye,33893.0
Canada,2018,rye,29886.0
Canada,2019,rye,32495.0
Canada,1989,safflower_seed,2500.0
Canada,1990,safflower_seed,3019.0
Canada,1991,safflower_seed,3273.0
Canada,1992,safflower_seed,1441.0
Canada,1993,safflower_seed,2500.0
Canada,1994,safflower_seed,5500.0
Canada,1995,safflower_seed,10000.0
Canada,1996,safflower_seed,8750.0
Canada,1997,safflower_seed,11000.0
Canada,1998,safflower_seed,11667.0
Canada,1999,safflower_seed,9500.0
Canada,2000,safflower_seed,13958.0
Canada,2001,safflower_seed,12083.0
Canada,2002,safflower_seed,6875.0
Canada,1961,soybeans,21033.0
Canada,1962,soybeans,20106.0
Canada,1963,soybeans,14754.0
Canada,1964,soybeans,20310.0
Canada,1965,soybeans,20379.0
Canada,1966,soybeans,21723.0
Canada,1967,soybeans,18764.0
Canada,1968,soybeans,20579.0
Canada,1969,soybeans,16007.0
Canada,1970,soybeans,20848.0
Canada,1971,soybeans,18831.0
Canada,1972,soybeans,22866.0
Canada,1973,soybeans,20848.0
Canada,1974,soybeans,16676.0
Canada,1975,soybeans,23242.0
Canada,1976,soybeans,16368.0
Canada,1977,soybeans,26056.0
Canada,1978,soybeans,18072.0
Canada,1979,soybeans,23532.0
Canada,1980,soybeans,24892.0
Canada,1981,soybeans,21734.0
Canada,1982,soybeans,23297.0
Canada,1983,soybeans,20192.0
Canada,1984,soybeans,22642.0
Canada,1985,soybeans,24988.0
Canada,1986,soybeans,24969.0
Canada,1987,soybeans,27542.0
Canada,1988,soybeans,21625.0
Canada,1989,soybeans,22589.0
Canada,1990,soybeans,26096.0
Canada,1991,soybeans,24415.0
Canada,1992,soybeans,23363.0
Canada,1993,soybeans,26005.0
Canada,1994,soybeans,27447.0
Canada,1995,soybeans,27882.0
Canada,1996,soybeans,25168.0
Canada,1997,soybeans,25837.0
Canada,1998,soybeans,27922.0
Canada,1999,soybeans,27698.0
Canada,2000,soybeans,25483.0
Canada,2001,soybeans,15298.0
Canada,2002,soybeans,22814.0
Canada,2003,soybeans,21679.0
Canada,2004,soybeans,25939.0
Canada,2005,soybeans,27082.0
Canada,2006,soybeans,28850.0
Canada,2007,soybeans,23010.0
Canada,2008,soybeans,27906.0
Canada,2009,soybeans,25371.0
Canada,2010,soybeans,29515.0
Canada,2011,soybeans,28738.0
Canada,2012,soybeans,30010.0
Canada,2013,soybeans,28716.0
Canada,2014,soybeans,26786.0
Canada,2015,soybeans,28920.0
Canada,2016,soybeans,29557.0
Canada,2017,soybeans,26293.0
Canada,2018,soybeans,29204.0
Canada,2019,soybeans,26625.0
Canada,1961,spinach,100462.0
Canada,1962,spinach,99020.0
Canada,1963,spinach,98780.0
Canada,1964,spinach,98614.0
Canada,1965,spinach,116813.0
Canada,1966,spinach,110200.0
Canada,1967,spinach,83647.0
Canada,1968,spinach,108865.0
Canada,1969,spinach,69211.0
Canada,1970,spinach,88741.0
Canada,1971,spinach,86203.0
Canada,1972,spinach,77621.0
Canada,1973,spinach,65994.0
Canada,1974,spinach,71705.0
Canada,1975,spinach,71959.0
Canada,1976,spinach,90653.0
Canada,1977,spinach,71488.0
Canada,1978,spinach,82395.0
Canada,1979,spinach,76504.0
Canada,1980,spinach,70526.0
Canada,1981,spinach,57386.0
Canada,1982,spinach,60957.0
Canada,1983,spinach,61058.0
Canada,1984,spinach,82185.0
Canada,1985,spinach,72291.0
Canada,1986,spinach,59780.0
Canada,1987,spinach,80073.0
Canada,1988,spinach,71634.0
Canada,1989,spinach,83324.0
Canada,1990,spinach,71343.0
Canada,1991,spinach,62815.0
Canada,1992,spinach,51798.0
Canada,1993,spinach,53569.0
Canada,1994,spinach,44690.0
Canada,1995,spinach,50662.0
Canada,1996,spinach,54857.0
Canada,1997,spinach,60887.0
Canada,1998,spinach,57682.0
Canada,1999,spinach,57668.0
Canada,2000,spinach,60541.0
Canada,2001,spinach,65694.0
Canada,2002,spinach,54914.0
Canada,2003,spinach,83945.0
Canada,2004,spinach,70983.0
Canada,2005,spinach,63015.0
Canada,2006,spinach,58813.0
Canada,2007,spinach,71649.0
Canada,2008,spinach,53514.0
Canada,2009,spinach,75598.0
Canada,2010,spinach,68261.0
Canada,2011,spinach,57734.0
Canada,2012,spinach,72820.0
Canada,2013,spinach,66597.0
Canada,2014,spinach,81130.0
Canada,2015,spinach,97254.0
Canada,2016,spinach,92755.0
Canada,2017,spinach,90510.0
Canada,2018,spinach,80938.0
Canada,2019,spinach,80967.0
Canada,1961,strawberries,25858.0
Canada,1962,strawberries,25885.0
Canada,1963,strawberries,25916.0
Canada,1964,strawberries,25890.0
Canada,1965,strawberries,25941.0
Canada,1966,strawberries,25944.0
Canada,1967,strawberries,25917.0
Canada,1968,strawberries,25887.0
Canada,1969,strawberries,25881.0
Canada,1970,strawberries,25905.0
Canada,1971,strawberries,39360.0
Canada,1972,strawberries,39336.0
Canada,1973,strawberries,39301.0
Canada,1974,strawberries,39477.0
Canada,1975,strawberries,39406.0
Canada,1976,strawberries,39463.0
Canada,1977,strawberries,39386.0
Canada,1978,strawberries,39298.0
Canada,1979,strawberries,39502.0
Canada,1980,strawberries,39345.0
Canada,1981,strawberries,32160.0
Canada,1982,strawberries,31927.0
Canada,1983,strawberries,28800.0
Canada,1984,strawberries,26114.0
Canada,1985,strawberries,25882.0
Canada,1986,strawberries,57043.0
Canada,1987,strawberries,55983.0
Canada,1988,strawberries,56237.0
Canada,1989,strawberries,51738.0
Canada,1990,strawberries,58352.0
Canada,1991,strawberries,44431.0
Canada,1992,strawberries,56761.0
Canada,1993,strawberries,56346.0
Canada,1994,strawberries,57352.0
Canada,1995,strawberries,61379.0
Canada,1996,strawberries,52275.0
Canada,1997,strawberries,53853.0
Canada,1998,strawberries,54289.0
Canada,1999,strawberries,59521.0
Canada,2000,strawberries,55371.0
Canada,2001,strawberries,54400.0
Canada,2002,strawberries,53518.0
Canada,2003,strawberries,54759.0
Canada,2004,strawberries,56503.0
Canada,2005,strawberries,55429.0
Canada,2006,strawberries,61009.0
Canada,2007,strawberries,61366.0
Canada,2008,strawberries,58322.0
Canada,2009,strawberries,61319.0
Canada,2010,strawberries,63117.0
Canada,2011,strawberries,67361.0
Canada,2012,strawberries,64882.0
Canada,2013,strawberries,74635.0
Canada,2014,strawberries,70546.0
Canada,2015,strawberries,77037.0
Canada,2016,strawberries,82834.0
Canada,2017,strawberries,100530.0
Canada,2018,strawberries,90859.0
Canada,2019,strawberries,102954.0
Canada,1961,sugar_beet,291863.0
Canada,1962,sugar_beet,292722.0
Canada,1963,sugar_beet,302687.0
Canada,1964,sugar_beet,287187.0
Canada,1965,sugar_beet,301191.0
Canada,1966,sugar_beet,321496.0
Canada,1967,sugar_beet,290917.0
Canada,1968,sugar_beet,309032.0
Canada,1969,sugar_beet,305087.0
Canada,1970,sugar_beet,298887.0
Canada,1971,sugar_beet,336127.0
Canada,1972,sugar_beet,308993.0
Canada,1973,sugar_beet,324693.0
Canada,1974,sugar_beet,274956.0
Canada,1975,sugar_beet,293040.0
Canada,1976,sugar_beet,360872.0
Canada,1977,sugar_beet,394860.0
Canada,1978,sugar_beet,383064.0
Canada,1979,sugar_beet,360017.0
Canada,1980,sugar_beet,331615.0
Canada,1981,sugar_beet,414988.0
Canada,1982,sugar_beet,356794.0
Canada,1983,sugar_beet,377799.0
Canada,1984,sugar_beet,337591.0
Canada,1985,sugar_beet,333333.0
Canada,1986,sugar_beet,403974.0
Canada,1987,sugar_beet,437611.0
Canada,1988,sugar_beet,348058.0
Canada,1989,sugar_beet,366372.0
Canada,1990,sugar_beet,390747.0
Canada,1991,sugar_beet,436181.0
Canada,1992,sugar_beet,342321.0
Canada,1993,sugar_beet,351707.0
Canada,1994,sugar_beet,427961.0
Canada,1995,sugar_beet,415749.0
Canada,1996,sugar_beet,442912.0
Canada,1997,sugar_beet,448446.0
Canada,1998,sugar_beet,483516.0
Canada,1999,sugar_beet,427529.0
Canada,2000,sugar_beet,494578.0
Canada,2001,sugar_beet,465214.0
Canada,2002,sugar_beet,341287.0
Canada,2003,sugar_beet,562314.0
Canada,2004,sugar_beet,523873.0
Canada,2005,sugar_beet,453582.0
Canada,2006,sugar_beet,580600.0
Canada,2007,sugar_beet,552174.0
Canada,2008,sugar_beet,499565.0
Canada,2009,sugar_beet,603394.0
Canada,2010,sugar_beet,449558.0
Canada,2011,sugar_beet,581074.0
Canada,2012,sugar_beet,592772.0
Canada,2013,sugar_beet,672697.0
Canada,2014,sugar_beet,716790.0
Canada,2015,sugar_beet,689726.0
Canada,2016,sugar_beet,718496.0
Canada,2017,sugar_beet,734381.0
Canada,2018,sugar_beet,756429.0
Canada,2019,sugar_beet,728871.0
Canada,1961,sunflower_seed,7971.0
Canada,1962,sunflower_seed,8459.0
Canada,1963,sunflower_seed,10631.0
Canada,1964,sunflower_seed,4412.0
Canada,1965,sunflower_seed,4817.0
Canada,1966,sunflower_seed,6934.0
Canada,1967,sunflower_seed,8813.0
Canada,1968,sunflower_seed,6935.0
Canada,1969,sunflower_seed,7939.0
Canada,1970,sunflower_seed,8800.0
Canada,1971,sunflower_seed,7916.0
Canada,1972,sunflower_seed,8781.0
Canada,1973,sunflower_seed,7898.0
Canada,1974,sunflower_seed,9714.0
Canada,1975,sunflower_seed,11932.0
Canada,1976,sunflower_seed,11881.0
Canada,1977,sunflower_seed,11877.0
Canada,1978,sunflower_seed,13137.0
Canada,1979,sunflower_seed,13503.0
Canada,1980,sunflower_seed,12186.0
Canada,1981,sunflower_seed,10000.0
Canada,1982,sunflower_seed,12238.0
Canada,1983,sunflower_seed,12470.0
Canada,1984,sunflower_seed,10694.0
Canada,1985,sunflower_seed,11911.0
Canada,1986,sunflower_seed,13908.0
Canada,1987,sunflower_seed,15233.0
Canada,1988,sunflower_seed,11753.0
Canada,1989,sunflower_seed,12772.0
Canada,1990,sunflower_seed,17022.0
Canada,1991,sunflower_seed,16395.0
Canada,1992,sunflower_seed,12706.0
Canada,1993,sunflower_seed,10195.0
Canada,1994,sunflower_seed,14096.0
Canada,1995,sunflower_seed,14876.0
Canada,1996,sunflower_seed,15597.0
Canada,1997,sunflower_seed,12866.0
Canada,1998,sunflower_seed,16250.0
Canada,1999,sunflower_seed,15450.0
Canada,2000,sunflower_seed,17340.0
Canada,2001,sunflower_seed,15539.0
Canada,2002,sunflower_seed,16638.0
Canada,2003,sunflower_seed,13475.0
Canada,2004,sunflower_seed,9422.0
Canada,2005,sunflower_seed,11921.0
Canada,2006,sunflower_seed,20455.0
Canada,2007,sunflower_seed,15851.0
Canada,2008,sunflower_seed,16321.0
Canada,2009,sunflower_seed,16047.0
Canada,2010,sunflower_seed,13152.0
Canada,2011,sunflower_seed,14348.0
Canada,2012,sunflower_seed,21889.0
Canada,2013,sunflower_seed,18873.0
Canada,2014,sunflower_seed,18900.0
Canada,2015,sunflower_seed,18906.0
Canada,2016,sunflower_seed,18400.0
Canada,2017,sunflower_seed,22588.0
Canada,2018,sunflower_seed,21301.0
Canada,2019,sunflower_seed,21840.0
Canada,1961,"tobacco,_unmanufactured",17044.0
Canada,1962,"tobacco,_unmanufactured",17364.0
Canada,1963,"tobacco,_unmanufactured",19780.0
Canada,1964,"tobacco,_unmanufactured",20155.0
Canada,1965,"tobacco,_unmanufactured",20240.0
Canada,1966,"tobacco,_unmanufactured",20160.0
Canada,1967,"tobacco,_unmanufactured",16967.0
Canada,1968,"tobacco,_unmanufactured",18184.0
Canada,1969,"tobacco,_unmanufactured",20894.0
Canada,1970,"tobacco,_unmanufactured",22980.0
Canada,1971,"tobacco,_unmanufactured",25851.0
Canada,1972,"tobacco,_unmanufactured",20276.0
Canada,1973,"tobacco,_unmanufactured",23862.0
Canada,1974,"tobacco,_unmanufactured",23240.0
Canada,1975,"tobacco,_unmanufactured",25487.0
Canada,1976,"tobacco,_unmanufactured",21781.0
Canada,1977,"tobacco,_unmanufactured",23714.0
Canada,1978,"tobacco,_unmanufactured",23827.0
Canada,1979,"tobacco,_unmanufactured",21690.0
Canada,1980,"tobacco,_unmanufactured",23252.0
Canada,1981,"tobacco,_unmanufactured",23729.0
Canada,1982,"tobacco,_unmanufactured",22526.0
Canada,1983,"tobacco,_unmanufactured",23689.0
Canada,1984,"tobacco,_unmanufactured",21995.0
Canada,1985,"tobacco,_unmanufactured",24233.0
Canada,1986,"tobacco,_unmanufactured",21572.0
Canada,1987,"tobacco,_unmanufactured",20781.0
Canada,1988,"tobacco,_unmanufactured",20024.0
Canada,1989,"tobacco,_unmanufactured",24697.0
Canada,1990,"tobacco,_unmanufactured",21490.0
Canada,1991,"tobacco,_unmanufactured",25912.0
Canada,1992,"tobacco,_unmanufactured",24629.0
Canada,1993,"tobacco,_unmanufactured",24620.0
Canada,1994,"tobacco,_unmanufactured",26894.0
Canada,1995,"tobacco,_unmanufactured",27598.0
Canada,1996,"tobacco,_unmanufactured",27295.0
Canada,1997,"tobacco,_unmanufactured",27111.0
Canada,1998,"tobacco,_unmanufactured",26451.0
Canada,1999,"tobacco,_unmanufactured",27790.0
Canada,2000,"tobacco,_unmanufactured",22273.0
Canada,2001,"tobacco,_unmanufactured",24703.0
Canada,2002,"tobacco,_unmanufactured",28803.0
Canada,2003,"tobacco,_unmanufactured",28972.0
Canada,2004,"tobacco,_unmanufactured",27025.0
Canada,2005,"tobacco,_unmanufactured",26875.0
Canada,2006,"tobacco,_unmanufactured",27145.0
Canada,2007,"tobacco,_unmanufactured",26667.0
Canada,2008,"tobacco,_unmanufactured",27223.0
Canada,2009,"tobacco,_unmanufactured",27504.0
Canada,2010,"tobacco,_unmanufactured",27434.0
Canada,2011,"tobacco,_unmanufactured",27514.0
Canada,2012,"tobacco,_unmanufactured",27596.0
Canada,2013,"tobacco,_unmanufactured",27676.0
Canada,2014,"tobacco,_unmanufactured",27628.0
Canada,2015,"tobacco,_unmanufactured",27519.0
Canada,2016,"tobacco,_unmanufactured",27447.0
Canada,2017,"tobacco,_unmanufactured",27479.0
Canada,2018,"tobacco,_unmanufactured",27512.0
Canada,2019,"tobacco,_unmanufactured",27546.0
Canada,1961,tomatoes,274196.0
Canada,1962,tomatoes,294670.0
Canada,1963,tomatoes,255823.0
Canada,1964,tomatoes,256274.0
Canada,1965,tomatoes,290565.0
Canada,1966,tomatoes,278384.0
Canada,1967,tomatoes,284964.0
Canada,1968,tomatoes,279567.0
Canada,1969,tomatoes,253571.0
Canada,1970,tomatoes,337308.0
Canada,1971,tomatoes,345908.0
Canada,1972,tomatoes,312254.0
Canada,1973,tomatoes,362786.0
Canada,1974,tomatoes,315198.0
Canada,1975,tomatoes,339060.0
Canada,1976,tomatoes,368653.0
Canada,1977,tomatoes,404655.0
Canada,1978,tomatoes,385927.0
Canada,1979,tomatoes,395988.0
Canada,1980,tomatoes,350485.0
Canada,1981,tomatoes,367070.0
Canada,1982,tomatoes,378460.0
Canada,1983,tomatoes,393730.0
Canada,1984,tomatoes,376360.0
Canada,1985,tomatoes,391397.0
Canada,1986,tomatoes,387866.0
Canada,1987,tomatoes,387053.0
Canada,1988,tomatoes,366884.0
Canada,1989,tomatoes,404691.0
Canada,1990,tomatoes,472075.0
Canada,1991,tomatoes,397744.0
Canada,1992,tomatoes,398403.0
Canada,1993,tomatoes,489842.0
Canada,1994,tomatoes,534835.0
Canada,1995,tomatoes,555608.0
Canada,1996,tomatoes,574206.0
Canada,1997,tomatoes,546191.0
Canada,1998,tomatoes,675226.0
Canada,1999,tomatoes,623357.0
Canada,2000,tomatoes,518907.0
Canada,2001,tomatoes,526036.0
Canada,2002,tomatoes,650225.0
Canada,2003,tomatoes,669062.0
Canada,2004,tomatoes,746889.0
Canada,2005,tomatoes,759450.0
Canada,2006,tomatoes,738611.0
Canada,2007,tomatoes,750129.0
Canada,2008,tomatoes,751541.0
Canada,2009,tomatoes,764611.0
Canada,2010,tomatoes,743847.0
Canada,2011,tomatoes,680415.0
Canada,2012,tomatoes,846532.0
Canada,2013,tomatoes,832355.0
Canada,2014,tomatoes,669768.0
Canada,2015,tomatoes,666983.0
Canada,2016,tomatoes,728319.0
Canada,2017,tomatoes,782447.0
Canada,2018,tomatoes,803616.0
Canada,2019,tomatoes,830149.0
Canada,1989,triticale,21958.0
Canada,1990,triticale,26397.0
Canada,1991,triticale,21958.0
Canada,1992,triticale,23333.0
Canada,1993,triticale,23923.0
Canada,1994,triticale,22994.0
Canada,1995,triticale,24182.0
Canada,1996,triticale,21205.0
Canada,1997,triticale,20667.0
Canada,1998,triticale,24028.0
Canada,1999,triticale,30264.0
Canada,2000,triticale,24643.0
Canada,2001,triticale,24186.0
Canada,2002,triticale,19549.0
Canada,2003,triticale,19167.0
Canada,2004,triticale,28269.0
Canada,2005,triticale,25412.0
Canada,2006,triticale,22049.0
Canada,2007,triticale,23471.0
Canada,2008,triticale,23987.0
Canada,2009,triticale,24793.0
Canada,2010,triticale,29730.0
Canada,2011,triticale,23731.0
Canada,2012,triticale,27385.0
Canada,2013,triticale,25965.0
Canada,2014,triticale,26000.0
Canada,2015,triticale,24653.0
Canada,2016,triticale,32778.0
Canada,2017,triticale,27049.0
Canada,2018,triticale,30048.0
Canada,2019,triticale,27041.0
Canada,1961,"vegetables,_fresh_nes",199690.0
Canada,1962,"vegetables,_fresh_nes",203724.0
Canada,1963,"vegetables,_fresh_nes",205497.0
Canada,1964,"vegetables,_fresh_nes",210325.0
Canada,1965,"vegetables,_fresh_nes",208479.0
Canada,1966,"vegetables,_fresh_nes",210501.0
Canada,1967,"vegetables,_fresh_nes",218796.0
Canada,1968,"vegetables,_fresh_nes",240698.0
Canada,1969,"vegetables,_fresh_nes",220098.0
Canada,1970,"vegetables,_fresh_nes",248562.0
Canada,1971,"vegetables,_fresh_nes",229886.0
Canada,1972,"vegetables,_fresh_nes",238966.0
Canada,1973,"vegetables,_fresh_nes",240714.0
Canada,1974,"vegetables,_fresh_nes",236833.0
Canada,1975,"vegetables,_fresh_nes",242748.0
Canada,1976,"vegetables,_fresh_nes",243615.0
Canada,1977,"vegetables,_fresh_nes",230247.0
Canada,1978,"vegetables,_fresh_nes",237943.0
Canada,1979,"vegetables,_fresh_nes",245571.0
Canada,1980,"vegetables,_fresh_nes",244945.0
Canada,1981,"vegetables,_fresh_nes",237918.0
Canada,1982,"vegetables,_fresh_nes",236114.0
Canada,1983,"vegetables,_fresh_nes",241109.0
Canada,1984,"vegetables,_fresh_nes",249582.0
Canada,1985,"vegetables,_fresh_nes",274940.0
Canada,1986,"vegetables,_fresh_nes",266100.0
Canada,1987,"vegetables,_fresh_nes",281020.0
Canada,1988,"vegetables,_fresh_nes",283640.0
Canada,1989,"vegetables,_fresh_nes",288017.0
Canada,1990,"vegetables,_fresh_nes",272479.0
Canada,1991,"vegetables,_fresh_nes",262394.0
Canada,1992,"vegetables,_fresh_nes",274728.0
Canada,1993,"vegetables,_fresh_nes",290927.0
Canada,1994,"vegetables,_fresh_nes",314031.0
Canada,1995,"vegetables,_fresh_nes",271682.0
Canada,1996,"vegetables,_fresh_nes",281653.0
Canada,1997,"vegetables,_fresh_nes",332918.0
Canada,1998,"vegetables,_fresh_nes",271631.0
Canada,1999,"vegetables,_fresh_nes",290198.0
Canada,2000,"vegetables,_fresh_nes",272167.0
Canada,2001,"vegetables,_fresh_nes",237524.0
Canada,2002,"vegetables,_fresh_nes",263423.0
Canada,2003,"vegetables,_fresh_nes",251086.0
Canada,2004,"vegetables,_fresh_nes",249243.0
Canada,2005,"vegetables,_fresh_nes",238664.0
Canada,2006,"vegetables,_fresh_nes",243628.0
Canada,2007,"vegetables,_fresh_nes",279360.0
Canada,2008,"vegetables,_fresh_nes",245470.0
Canada,2009,"vegetables,_fresh_nes",250954.0
Canada,2010,"vegetables,_fresh_nes",243081.0
Canada,2011,"vegetables,_fresh_nes",251119.0
Canada,2012,"vegetables,_fresh_nes",253054.0
Canada,2013,"vegetables,_fresh_nes",269135.0
Canada,2014,"vegetables,_fresh_nes",265413.0
Canada,2015,"vegetables,_fresh_nes",264591.0
Canada,2016,"vegetables,_fresh_nes",264663.0
Canada,2017,"vegetables,_fresh_nes",260902.0
Canada,2018,"vegetables,_fresh_nes",262937.0
Canada,2019,"vegetables,_fresh_nes",260818.0
Canada,1996,watermelons,185333.0
Canada,1997,watermelons,166598.0
Canada,1998,watermelons,150759.0
Canada,1999,watermelons,160480.0
Canada,2000,watermelons,145926.0
Canada,2001,watermelons,166019.0
Canada,2002,watermelons,224553.0
Canada,2003,watermelons,183193.0
Canada,2004,watermelons,252321.0
Canada,2005,watermelons,219270.0
Canada,2006,watermelons,304573.0
Canada,2007,watermelons,273057.0
Canada,2008,watermelons,284858.0
Canada,2009,watermelons,207236.0
Canada,2010,watermelons,282936.0
Canada,2011,watermelons,353499.0
Canada,2012,watermelons,476365.0
Canada,2013,watermelons,338182.0
Canada,2014,watermelons,409055.0
Canada,2015,watermelons,448642.0
Canada,2016,watermelons,446200.0
Canada,2017,watermelons,509365.0
Canada,2018,watermelons,423926.0
Canada,2019,watermelons,514334.0
Canada,1961,wheat,7529.0
Canada,1962,wheat,14183.0
Canada,1963,wheat,17651.0
Canada,1964,wheat,13604.0
Canada,1965,wheat,15432.0
Canada,1966,wheat,18739.0
Canada,1967,wheat,13239.0
Canada,1968,wheat,14855.0
Canada,1969,wheat,18084.0
Canada,1970,wheat,17864.0
Canada,1971,wheat,18351.0
Canada,1972,wheat,16799.0
Canada,1973,wheat,16876.0
Canada,1974,wheat,14884.0
Canada,1975,wheat,18020.0
Canada,1976,wheat,20963.0
Canada,1977,wheat,19632.0
Canada,1978,wheat,19987.0
Canada,1979,wheat,16341.0
Canada,1980,wheat,17212.0
Canada,1981,wheat,19959.0
Canada,1982,wheat,21336.0
Canada,1983,wheat,19345.0
Canada,1984,wheat,16099.0
Canada,1985,wheat,17665.0
Canada,1986,wheat,22052.0
Canada,1987,wheat,19279.0
Canada,1988,wheat,12293.0
Canada,1989,wheat,18076.0
Canada,1990,wheat,22769.0
Canada,1991,wheat,22559.0
Canada,1992,wheat,21603.0
Canada,1993,wheat,22027.0
Canada,1994,wheat,21275.0
Canada,1995,wheat,22467.0
Canada,1996,wheat,24304.0
Canada,1997,wheat,21285.0
Canada,1998,wheat,22550.0
Canada,1999,wheat,25971.0
Canada,2000,wheat,24446.0
Canada,2001,wheat,19452.0
Canada,2002,wheat,18324.0
Canada,2003,wheat,22565.0
Canada,2004,wheat,26409.0
Canada,2005,wheat,27381.0
Canada,2006,wheat,26096.0
Canada,2007,wheat,23317.0
Canada,2008,wheat,28575.0
Canada,2009,wheat,27897.0
Canada,2010,wheat,28085.0
Canada,2011,wheat,29568.0
Canada,2012,wheat,28743.0
Canada,2013,wheat,35980.0
Canada,2014,wheat,30818.0
Canada,2015,wheat,28925.0
Canada,2016,wheat,35805.0
Canada,2017,wheat,33815.0
Canada,2018,wheat,32589.0
Canada,2019,wheat,33502.0
Canada,1961,"cereals,_total",9850.0
Canada,1962,"cereals,_total",15954.0
Canada,1963,"cereals,_total",18389.0
Canada,1964,"cereals,_total",15272.0
Canada,1965,"cereals,_total",17304.0
Canada,1966,"cereals,_total",19727.0
Canada,1967,"cereals,_total",15190.0
Canada,1968,"cereals,_total",17345.0
Canada,1969,"cereals,_total",19592.0
Canada,1970,"cereals,_total",21108.0
Canada,1971,"cereals,_total",21452.0
Canada,1972,"cereals,_total",19877.0
Canada,1973,"cereals,_total",19513.0
Canada,1974,"cereals,_total",17267.0
Canada,1975,"cereals,_total",20522.0
Canada,1976,"cereals,_total",22758.0
Canada,1977,"cereals,_total",22659.0
Canada,1978,"cereals,_total",22674.0
Canada,1979,"cereals,_total",20327.0
Canada,1980,"cereals,_total",21412.0
Canada,1981,"cereals,_total",23464.0
Canada,1982,"cereals,_total",24828.0
Canada,1983,"cereals,_total",22046.0
Canada,1984,"cereals,_total",20280.0
Canada,1985,"cereals,_total",22221.0
Canada,1986,"cereals,_total",25704.0
Canada,1987,"cereals,_total",23966.0
Canada,1988,"cereals,_total",17544.0
Canada,1989,"cereals,_total",21936.0
Canada,1990,"cereals,_total",26363.0
Canada,1991,"cereals,_total",25805.0
Canada,1992,"cereals,_total",24603.0
Canada,1993,"cereals,_total",26470.0
Canada,1994,"cereals,_total",25945.0
Canada,1995,"cereals,_total",26998.0
Canada,1996,"cereals,_total",28442.0
Canada,1997,"cereals,_total",25846.0
Canada,1998,"cereals,_total",27826.0
Canada,1999,"cereals,_total",30878.0
Canada,2000,"cereals,_total",28057.0
Canada,2001,"cereals,_total",24468.0
Canada,2002,"cereals,_total",23754.0
Canada,2003,"cereals,_total",27588.0
Canada,2004,"cereals,_total",31419.0
Canada,2005,"cereals,_total",32159.0
Canada,2006,"cereals,_total",30463.0
Canada,2007,"cereals,_total",29734.0
Canada,2008,"cereals,_total",33917.0
Canada,2009,"cereals,_total",32995.0
Canada,2010,"cereals,_total",35011.0
Canada,2011,"cereals,_total",35524.0
Canada,2012,"cereals,_total",34563.0
Canada,2013,"cereals,_total",41604.0
Canada,2014,"cereals,_total",36470.0
Canada,2015,"cereals,_total",36730.0
Canada,2016,"cereals,_total",42394.0
Canada,2017,"cereals,_total",41048.0
Canada,2018,"cereals,_total",39046.0
Canada,2019,"cereals,_total",39917.0
Canada,1964,fibre_crops_primary,12308.0
Canada,1966,fibre_crops_primary,12075.0
Canada,1968,fibre_crops_primary,12222.0
Canada,1970,fibre_crops_primary,12179.0
Canada,1971,fibre_crops_primary,12093.0
Canada,1972,fibre_crops_primary,12045.0
Canada,1973,fibre_crops_primary,12049.0
Canada,1974,fibre_crops_primary,12020.0
Canada,1975,fibre_crops_primary,12036.0
Canada,1976,fibre_crops_primary,12021.0
Canada,1977,fibre_crops_primary,12045.0
Canada,1978,fibre_crops_primary,12031.0
Canada,1979,fibre_crops_primary,12045.0
Canada,1980,fibre_crops_primary,12031.0
Canada,1981,fibre_crops_primary,12006.0
Canada,1982,fibre_crops_primary,12090.0
Canada,1983,fibre_crops_primary,12018.0
Canada,1984,fibre_crops_primary,12027.0
Canada,1985,fibre_crops_primary,12021.0
Canada,1986,fibre_crops_primary,12062.0
Canada,1987,fibre_crops_primary,12053.0
Canada,1988,fibre_crops_primary,12018.0
Canada,1989,fibre_crops_primary,12114.0
Canada,1990,fibre_crops_primary,12115.0
Canada,1991,fibre_crops_primary,12097.0
Canada,1992,fibre_crops_primary,12016.0
Canada,1993,fibre_crops_primary,12036.0
Canada,1994,fibre_crops_primary,12277.0
Canada,1995,fibre_crops_primary,12011.0
Canada,1996,fibre_crops_primary,12033.0
Canada,1997,fibre_crops_primary,11992.0
Canada,1998,fibre_crops_primary,12008.0
Canada,1999,fibre_crops_primary,12062.0
Canada,2000,fibre_crops_primary,12043.0
Canada,2001,fibre_crops_primary,12010.0
Canada,2002,fibre_crops_primary,12007.0
Canada,2003,fibre_crops_primary,12014.0
Canada,2004,fibre_crops_primary,12030.0
Canada,2005,fibre_crops_primary,12017.0
Canada,2006,fibre_crops_primary,12013.0
Canada,2007,fibre_crops_primary,12025.0
Canada,2008,fibre_crops_primary,11957.0
Canada,2009,fibre_crops_primary,11875.0
Canada,2010,fibre_crops_primary,11875.0
Canada,2011,fibre_crops_primary,11875.0
Canada,2012,fibre_crops_primary,12000.0
Canada,2013,fibre_crops_primary,12292.0
Canada,2014,fibre_crops_primary,12115.0
Canada,2015,fibre_crops_primary,11975.0
Canada,2016,fibre_crops_primary,11968.0
Canada,2017,fibre_crops_primary,11960.0
Canada,2018,fibre_crops_primary,11954.0
Canada,2019,fibre_crops_primary,11946.0
Canada,1961,fruit_primary,77741.0
Canada,1962,fruit_primary,79390.0
Canada,1963,fruit_primary,79238.0
Canada,1964,fruit_primary,76352.0
Canada,1965,fruit_primary,79802.0
Canada,1966,fruit_primary,74496.0
Canada,1967,fruit_primary,74471.0
Canada,1968,fruit_primary,75711.0
Canada,1969,fruit_primary,76702.0
Canada,1970,fruit_primary,73885.0
Canada,1971,fruit_primary,84417.0
Canada,1972,fruit_primary,86104.0
Canada,1973,fruit_primary,83655.0
Canada,1974,fruit_primary,86390.0
Canada,1975,fruit_primary,85603.0
Canada,1976,fruit_primary,85252.0
Canada,1977,fruit_primary,85177.0
Canada,1978,fruit_primary,84425.0
Canada,1979,fruit_primary,84666.0
Canada,1980,fruit_primary,85957.0
Canada,1981,fruit_primary,88021.0
Canada,1982,fruit_primary,87663.0
Canada,1983,fruit_primary,87192.0
Canada,1984,fruit_primary,84699.0
Canada,1985,fruit_primary,89494.0
Canada,1986,fruit_primary,99925.0
Canada,1987,fruit_primary,104823.0
Canada,1988,fruit_primary,110804.0
Canada,1989,fruit_primary,105361.0
Canada,1990,fruit_primary,107586.0
Canada,1991,fruit_primary,91554.0
Canada,1992,fruit_primary,105485.0
Canada,1993,fruit_primary,89833.0
Canada,1994,fruit_primary,103459.0
Canada,1995,fruit_primary,112557.0
Canada,1996,fruit_primary,101447.0
Canada,1997,fruit_primary,100705.0
Canada,1998,fruit_primary,105647.0
Canada,1999,fruit_primary,123676.0
Canada,2000,fruit_primary,111126.0
Canada,2001,fruit_primary,109897.0
Canada,2002,fruit_primary,91399.0
Canada,2003,fruit_primary,97300.0
Canada,2004,fruit_primary,97432.0
Canada,2005,fruit_primary,94851.0
Canada,2006,fruit_primary,96227.0
Canada,2007,fruit_primary,103084.0
Canada,2008,fruit_primary,99477.0
Canada,2009,fruit_primary,102441.0
Canada,2010,fruit_primary,93717.0
Canada,2011,fruit_primary,98275.0
Canada,2012,fruit_primary,90626.0
Canada,2013,fruit_primary,105659.0
Canada,2014,fruit_primary,109486.0
Canada,2015,fruit_primary,101827.0
Canada,2016,fruit_primary,117422.0
Canada,2017,fruit_primary,113167.0
Canada,2018,fruit_primary,114931.0
Canada,2019,fruit_primary,115015.0
Canada,1961,oilcrops,6489.0
Canada,1962,oilcrops,8630.0
Canada,1963,oilcrops,8979.0
Canada,1964,oilcrops,8169.0
Canada,1965,oilcrops,8984.0
Canada,1966,oilcrops,9198.0
Canada,1967,oilcrops,8517.0
Canada,1968,oilcrops,10110.0
Canada,1969,oilcrops,8969.0
Canada,1970,oilcrops,10074.0
Canada,1971,oilcrops,9913.0
Canada,1972,oilcrops,10390.0
Canada,1973,oilcrops,10074.0
Canada,1974,oilcrops,8794.0
Canada,1975,oilcrops,10325.0
Canada,1976,oilcrops,11373.0
Canada,1977,oilcrops,13938.0
Canada,1978,oilcrops,12568.0
Canada,1979,oilcrops,10637.0
Canada,1980,oilcrops,12329.0
Canada,1981,oilcrops,13340.0
Canada,1982,oilcrops,13830.0
Canada,1983,oilcrops,12103.0
Canada,1984,oilcrops,11819.0
Canada,1985,oilcrops,13585.0
Canada,1986,oilcrops,15127.0
Canada,1987,oilcrops,15577.0
Canada,1988,oilcrops,12021.0
Canada,1989,oilcrops,11950.0
Canada,1990,oilcrops,14429.0
Canada,1991,oilcrops,14824.0
Canada,1992,oilcrops,14348.0
Canada,1993,oilcrops,14872.0
Canada,1994,oilcrops,14126.0
Canada,1995,oilcrops,13975.0
Canada,1996,oilcrops,16229.0
Canada,1997,oilcrops,14746.0
Canada,1998,oilcrops,15510.0
Canada,1999,oilcrops,16965.0
Canada,2000,oilcrops,16092.0
Canada,2001,oilcrops,13194.0
Canada,2002,oilcrops,13923.0
Canada,2003,oilcrops,14734.0
Canada,2004,oilcrops,16773.0
Canada,2005,oilcrops,18949.0
Canada,2006,oilcrops,18458.0
Canada,2007,oilcrops,15897.0
Canada,2008,oilcrops,19969.0
Canada,2009,oilcrops,20078.0
Canada,2010,oilcrops,20007.0
Canada,2011,oilcrops,20493.0
Canada,2012,oilcrops,17738.0
Canada,2013,oilcrops,23265.0
Canada,2014,oilcrops,20515.0
Canada,2015,oilcrops,22794.0
Canada,2016,oilcrops,24439.0
Canada,2017,oilcrops,23260.0
Canada,2018,oilcrops,23304.0
Canada,2019,oilcrops,22844.0
Canada,1961,"oilcrops,_cake_equivalent",4234.0
Canada,1962,"oilcrops,_cake_equivalent",5694.0
Canada,1963,"oilcrops,_cake_equivalent",5761.0
Canada,1964,"oilcrops,_cake_equivalent",5287.0
Canada,1965,"oilcrops,_cake_equivalent",5746.0
Canada,1966,"oilcrops,_cake_equivalent",5891.0
Canada,1967,"oilcrops,_cake_equivalent",5461.0
Canada,1968,"oilcrops,_cake_equivalent",6467.0
Canada,1969,"oilcrops,_cake_equivalent",5662.0
Canada,1970,"oilcrops,_cake_equivalent",6309.0
Canada,1971,"oilcrops,_cake_equivalent",6131.0
Canada,1972,"oilcrops,_cake_equivalent",6570.0
Canada,1973,"oilcrops,_cake_equivalent",6412.0
Canada,1974,"oilcrops,_cake_equivalent",5552.0
Canada,1975,"oilcrops,_cake_equivalent",6490.0
Canada,1976,"oilcrops,_cake_equivalent",7239.0
Canada,1977,"oilcrops,_cake_equivalent",8850.0
Canada,1978,"oilcrops,_cake_equivalent",7796.0
Canada,1979,"oilcrops,_cake_equivalent",6630.0
Canada,1980,"oilcrops,_cake_equivalent",7782.0
Canada,1981,"oilcrops,_cake_equivalent",8481.0
Canada,1982,"oilcrops,_cake_equivalent",8883.0
Canada,1983,"oilcrops,_cake_equivalent",7707.0
Canada,1984,"oilcrops,_cake_equivalent",7503.0
Canada,1985,"oilcrops,_cake_equivalent",8657.0
Canada,1986,"oilcrops,_cake_equivalent",9587.0
Canada,1987,"oilcrops,_cake_equivalent",10001.0
Canada,1988,"oilcrops,_cake_equivalent",7663.0
Canada,1989,"oilcrops,_cake_equivalent",7714.0
Canada,1990,"oilcrops,_cake_equivalent",9275.0
Canada,1991,"oilcrops,_cake_equivalent",9518.0
Canada,1992,"oilcrops,_cake_equivalent",9283.0
Canada,1993,"oilcrops,_cake_equivalent",9586.0
Canada,1994,"oilcrops,_cake_equivalent",9041.0
Canada,1995,"oilcrops,_cake_equivalent",9013.0
Canada,1996,"oilcrops,_cake_equivalent",10564.0
Canada,1997,"oilcrops,_cake_equivalent",9609.0
Canada,1998,"oilcrops,_cake_equivalent",10006.0
Canada,1999,"oilcrops,_cake_equivalent",10879.0
Canada,2000,"oilcrops,_cake_equivalent",10413.0
Canada,2001,"oilcrops,_cake_equivalent",8467.0
Canada,2002,"oilcrops,_cake_equivalent",9136.0
Canada,2003,"oilcrops,_cake_equivalent",9465.0
Canada,2004,"oilcrops,_cake_equivalent",10906.0
Canada,2005,"oilcrops,_cake_equivalent",12207.0
Canada,2006,"oilcrops,_cake_equivalent",11970.0
Canada,2007,"oilcrops,_cake_equivalent",10154.0
Canada,2008,"oilcrops,_cake_equivalent",12731.0
Canada,2009,"oilcrops,_cake_equivalent",12830.0
Canada,2010,"oilcrops,_cake_equivalent",12948.0
Canada,2011,"oilcrops,_cake_equivalent",13189.0
Canada,2012,"oilcrops,_cake_equivalent",11515.0
Canada,2013,"oilcrops,_cake_equivalent",14922.0
Canada,2014,"oilcrops,_cake_equivalent",13320.0
Canada,2015,"oilcrops,_cake_equivalent",14767.0
Canada,2016,"oilcrops,_cake_equivalent",15800.0
Canada,2017,"oilcrops,_cake_equivalent",15105.0
Canada,2018,"oilcrops,_cake_equivalent",15137.0
Canada,2019,"oilcrops,_cake_equivalent",14743.0
Canada,1961,"oilcrops,_oil_equivalent",2098.0
Canada,1962,"oilcrops,_oil_equivalent",2723.0
Canada,1963,"oilcrops,_oil_equivalent",2989.0
Canada,1964,"oilcrops,_oil_equivalent",2685.0
Canada,1965,"oilcrops,_oil_equivalent",3025.0
Canada,1966,"oilcrops,_oil_equivalent",3079.0
Canada,1967,"oilcrops,_oil_equivalent",2834.0
Canada,1968,"oilcrops,_oil_equivalent",3354.0
Canada,1969,"oilcrops,_oil_equivalent",3086.0
Canada,1970,"oilcrops,_oil_equivalent",3537.0
Canada,1971,"oilcrops,_oil_equivalent",3540.0
Canada,1972,"oilcrops,_oil_equivalent",3548.0
Canada,1973,"oilcrops,_oil_equivalent",3403.0
Canada,1974,"oilcrops,_oil_equivalent",3027.0
Canada,1975,"oilcrops,_oil_equivalent",3595.0
Canada,1976,"oilcrops,_oil_equivalent",3855.0
Canada,1977,"oilcrops,_oil_equivalent",4738.0
Canada,1978,"oilcrops,_oil_equivalent",4466.0
Canada,1979,"oilcrops,_oil_equivalent",3732.0
Canada,1980,"oilcrops,_oil_equivalent",4213.0
Canada,1981,"oilcrops,_oil_equivalent",4500.0
Canada,1982,"oilcrops,_oil_equivalent",4598.0
Canada,1983,"oilcrops,_oil_equivalent",4105.0
Canada,1984,"oilcrops,_oil_equivalent",4029.0
Canada,1985,"oilcrops,_oil_equivalent",4604.0
Canada,1986,"oilcrops,_oil_equivalent",5181.0
Canada,1987,"oilcrops,_oil_equivalent",5204.0
Canada,1988,"oilcrops,_oil_equivalent",4074.0
Canada,1989,"oilcrops,_oil_equivalent",3938.0
Canada,1990,"oilcrops,_oil_equivalent",4782.0
Canada,1991,"oilcrops,_oil_equivalent",4935.0
Canada,1992,"oilcrops,_oil_equivalent",4713.0
Canada,1993,"oilcrops,_oil_equivalent",4925.0
Canada,1994,"oilcrops,_oil_equivalent",4742.0
Canada,1995,"oilcrops,_oil_equivalent",4628.0
Canada,1996,"oilcrops,_oil_equivalent",5270.0
Canada,1997,"oilcrops,_oil_equivalent",4780.0
Canada,1998,"oilcrops,_oil_equivalent",5131.0
Canada,1999,"oilcrops,_oil_equivalent",5678.0
Canada,2000,"oilcrops,_oil_equivalent",5287.0
Canada,2001,"oilcrops,_oil_equivalent",4409.0
Canada,2002,"oilcrops,_oil_equivalent",4429.0
Canada,2003,"oilcrops,_oil_equivalent",4907.0
Canada,2004,"oilcrops,_oil_equivalent",5463.0
Canada,2005,"oilcrops,_oil_equivalent",6298.0
Canada,2006,"oilcrops,_oil_equivalent",6045.0
Canada,2007,"oilcrops,_oil_equivalent",5371.0
Canada,2008,"oilcrops,_oil_equivalent",6779.0
Canada,2009,"oilcrops,_oil_equivalent",6785.0
Canada,2010,"oilcrops,_oil_equivalent",6593.0
Canada,2011,"oilcrops,_oil_equivalent",6839.0
Canada,2012,"oilcrops,_oil_equivalent",5809.0
Canada,2013,"oilcrops,_oil_equivalent",7815.0
Canada,2014,"oilcrops,_oil_equivalent",6719.0
Canada,2015,"oilcrops,_oil_equivalent",7503.0
Canada,2016,"oilcrops,_oil_equivalent",8075.0
Canada,2017,"oilcrops,_oil_equivalent",7619.0
Canada,2018,"oilcrops,_oil_equivalent",7628.0
Canada,2019,"oilcrops,_oil_equivalent",7578.0
Canada,1961,"pulses,_total",11412.0
Canada,1962,"pulses,_total",13479.0
Canada,1963,"pulses,_total",13087.0
Canada,1964,"pulses,_total",13443.0
Canada,1965,"pulses,_total",15956.0
Canada,1966,"pulses,_total",14164.0
Canada,1967,"pulses,_total",16591.0
Canada,1968,"pulses,_total",12113.0
Canada,1969,"pulses,_total",12111.0
Canada,1970,"pulses,_total",13415.0
Canada,1971,"pulses,_total",14418.0
Canada,1972,"pulses,_total",16103.0
Canada,1973,"pulses,_total",15717.0
Canada,1974,"pulses,_total",13352.0
Canada,1975,"pulses,_total",14959.0
Canada,1976,"pulses,_total",14672.0
Canada,1977,"pulses,_total",10017.0
Canada,1978,"pulses,_total",13639.0
Canada,1979,"pulses,_total",18203.0
Canada,1980,"pulses,_total",14209.0
Canada,1981,"pulses,_total",14897.0
Canada,1982,"pulses,_total",16371.0
Canada,1983,"pulses,_total",15407.0
Canada,1984,"pulses,_total",13002.0
Canada,1985,"pulses,_total",15831.0
Canada,1986,"pulses,_total",14903.0
Canada,1987,"pulses,_total",16134.0
Canada,1988,"pulses,_total",10827.0
Canada,1989,"pulses,_total",13711.0
Canada,1990,"pulses,_total",18687.0
Canada,1991,"pulses,_total",16778.0
Canada,1992,"pulses,_total",15779.0
Canada,1993,"pulses,_total",16548.0
Canada,1994,"pulses,_total",17929.0
Canada,1995,"pulses,_total",17076.0
Canada,1996,"pulses,_total",18840.0
Canada,1997,"pulses,_total",18167.0
Canada,1998,"pulses,_total",19312.0
Canada,1999,"pulses,_total",21374.0
Canada,2000,"pulses,_total",18861.0
Canada,2001,"pulses,_total",10041.0
Canada,2002,"pulses,_total",12797.0
Canada,2003,"pulses,_total",15103.0
Canada,2004,"pulses,_total",20219.0
Canada,2005,"pulses,_total",19939.0
Canada,2006,"pulses,_total",17949.0
Canada,2007,"pulses,_total",17779.0
Canada,2008,"pulses,_total",20215.0
Canada,2009,"pulses,_total",19985.0
Canada,2010,"pulses,_total",18433.0
Canada,2011,"pulses,_total",20590.0
Canada,2012,"pulses,_total",19847.0
Canada,2013,"pulses,_total",25484.0
Canada,2014,"pulses,_total",20583.0
Canada,2015,"pulses,_total",18528.0
Canada,2016,"pulses,_total",20592.0
Canada,2017,"pulses,_total",19625.0
Canada,2018,"pulses,_total",19500.0
Canada,2019,"pulses,_total",19887.0
Canada,1961,"roots_and_tubers,_total",160960.0
Canada,1962,"roots_and_tubers,_total",182152.0
Canada,1963,"roots_and_tubers,_total",179741.0
Canada,1964,"roots_and_tubers,_total",190517.0
Canada,1965,"roots_and_tubers,_total",173135.0
Canada,1966,"roots_and_tubers,_total",191462.0
Canada,1967,"roots_and_tubers,_total",171774.0
Canada,1968,"roots_and_tubers,_total",194680.0
Canada,1969,"roots_and_tubers,_total",189667.0
Canada,1970,"roots_and_tubers,_total",194904.0
Canada,1971,"roots_and_tubers,_total",188363.0
Canada,1972,"roots_and_tubers,_total",187349.0
Canada,1973,"roots_and_tubers,_total",193155.0
Canada,1974,"roots_and_tubers,_total",217693.0
Canada,1975,"roots_and_tubers,_total",207350.0
Canada,1976,"roots_and_tubers,_total",219738.0
Canada,1977,"roots_and_tubers,_total",225227.0
Canada,1978,"roots_and_tubers,_total",226894.0
Canada,1979,"roots_and_tubers,_total",243300.0
Canada,1980,"roots_and_tubers,_total",231738.0
Canada,1981,"roots_and_tubers,_total",239490.0
Canada,1982,"roots_and_tubers,_total",245243.0
Canada,1983,"roots_and_tubers,_total",226148.0
Canada,1984,"roots_and_tubers,_total",237766.0
Canada,1985,"roots_and_tubers,_total",262708.0
Canada,1986,"roots_and_tubers,_total",252736.0
Canada,1987,"roots_and_tubers,_total",266270.0
Canada,1988,"roots_and_tubers,_total",245193.0
Canada,1989,"roots_and_tubers,_total",251214.0
Canada,1990,"roots_and_tubers,_total",250994.0
Canada,1991,"roots_and_tubers,_total",96637.0
Canada,1992,"roots_and_tubers,_total",118173.0
Canada,1993,"roots_and_tubers,_total",107674.0
Canada,1994,"roots_and_tubers,_total",112448.0
Canada,1995,"roots_and_tubers,_total",107859.0
Canada,1996,"roots_and_tubers,_total",112323.0
Canada,1997,"roots_and_tubers,_total",111195.0
Canada,1998,"roots_and_tubers,_total",112271.0
Canada,1999,"roots_and_tubers,_total",110517.0
Canada,2000,"roots_and_tubers,_total",116314.0
Canada,2001,"roots_and_tubers,_total",102703.0
Canada,2002,"roots_and_tubers,_total",111652.0
Canada,2003,"roots_and_tubers,_total",118424.0
Canada,2004,"roots_and_tubers,_total",123630.0
Canada,2005,"roots_and_tubers,_total",115053.0
Canada,2006,"roots_and_tubers,_total",130482.0
Canada,2007,"roots_and_tubers,_total",126498.0
Canada,2008,"roots_and_tubers,_total",126065.0
Canada,2009,"roots_and_tubers,_total",127453.0
Canada,2010,"roots_and_tubers,_total",390809.0
Canada,2011,"roots_and_tubers,_total",366462.0
Canada,2012,"roots_and_tubers,_total",386092.0
Canada,2013,"roots_and_tubers,_total",410606.0
Canada,2014,"roots_and_tubers,_total",413836.0
Canada,2015,"roots_and_tubers,_total",427087.0
Canada,2016,"roots_and_tubers,_total",387791.0
Canada,2017,"roots_and_tubers,_total",393780.0
Canada,2018,"roots_and_tubers,_total",389119.0
Canada,2019,"roots_and_tubers,_total",391049.0
Canada,1961,sugar_crops_primary,291863.0
Canada,1962,sugar_crops_primary,292722.0
Canada,1963,sugar_crops_primary,302687.0
Canada,1964,sugar_crops_primary,287187.0
Canada,1965,sugar_crops_primary,301191.0
Canada,1966,sugar_crops_primary,321496.0
Canada,1967,sugar_crops_primary,290917.0
Canada,1968,sugar_crops_primary,309032.0
Canada,1969,sugar_crops_primary,305087.0
Canada,1970,sugar_crops_primary,298887.0
Canada,1971,sugar_crops_primary,336127.0
Canada,1972,sugar_crops_primary,308993.0
Canada,1973,sugar_crops_primary,324693.0
Canada,1974,sugar_crops_primary,274956.0
Canada,1975,sugar_crops_primary,293040.0
Canada,1976,sugar_crops_primary,360872.0
Canada,1977,sugar_crops_primary,394860.0
Canada,1978,sugar_crops_primary,383064.0
Canada,1979,sugar_crops_primary,360017.0
Canada,1980,sugar_crops_primary,331615.0
Canada,1981,sugar_crops_primary,414988.0
Canada,1982,sugar_crops_primary,356794.0
Canada,1983,sugar_crops_primary,377799.0
Canada,1984,sugar_crops_primary,337591.0
Canada,1985,sugar_crops_primary,333333.0
Canada,1986,sugar_crops_primary,403974.0
Canada,1987,sugar_crops_primary,437611.0
Canada,1988,sugar_crops_primary,348058.0
Canada,1989,sugar_crops_primary,366372.0
Canada,1990,sugar_crops_primary,390747.0
Canada,1991,sugar_crops_primary,436181.0
Canada,1992,sugar_crops_primary,342321.0
Canada,1993,sugar_crops_primary,351707.0
Canada,1994,sugar_crops_primary,427961.0
Canada,1995,sugar_crops_primary,415749.0
Canada,1996,sugar_crops_primary,442912.0
Canada,1997,sugar_crops_primary,448446.0
Canada,1998,sugar_crops_primary,483516.0
Canada,1999,sugar_crops_primary,427529.0
Canada,2000,sugar_crops_primary,494578.0
Canada,2001,sugar_crops_primary,465214.0
Canada,2002,sugar_crops_primary,341287.0
Canada,2003,sugar_crops_primary,562314.0
Canada,2004,sugar_crops_primary,523873.0
Canada,2005,sugar_crops_primary,453582.0
Canada,2006,sugar_crops_primary,580600.0
Canada,2007,sugar_crops_primary,552174.0
Canada,2008,sugar_crops_primary,499565.0
Canada,2009,sugar_crops_primary,603394.0
Canada,2010,sugar_crops_primary,449558.0
Canada,2011,sugar_crops_primary,581074.0
Canada,2012,sugar_crops_primary,592772.0
Canada,2013,sugar_crops_primary,672697.0
Canada,2014,sugar_crops_primary,716790.0
Canada,2015,sugar_crops_primary,689726.0
Canada,2016,sugar_crops_primary,718496.0
Canada,2017,sugar_crops_primary,734381.0
Canada,2018,sugar_crops_primary,756429.0
Canada,2019,sugar_crops_primary,728871.0
Canada,1961,vegetables_primary,121870.0
Canada,1962,vegetables_primary,126368.0
Canada,1963,vegetables_primary,118772.0
Canada,1964,vegetables_primary,111707.0
Canada,1965,vegetables_primary,119672.0
Canada,1966,vegetables_primary,117054.0
Canada,1967,vegetables_primary,117245.0
Canada,1968,vegetables_primary,122717.0
Canada,1969,vegetables_primary,115364.0
Canada,1970,vegetables_primary,133729.0
Canada,1971,vegetables_primary,141519.0
Canada,1972,vegetables_primary,122242.0
Canada,1973,vegetables_primary,133775.0
Canada,1974,vegetables_primary,129334.0
Canada,1975,vegetables_primary,138764.0
Canada,1976,vegetables_primary,145045.0
Canada,1977,vegetables_primary,158003.0
Canada,1978,vegetables_primary,166308.0
Canada,1979,vegetables_primary,172797.0
Canada,1980,vegetables_primary,163660.0
Canada,1981,vegetables_primary,168251.0
Canada,1982,vegetables_primary,170637.0
Canada,1983,vegetables_primary,172119.0
Canada,1984,vegetables_primary,182206.0
Canada,1985,vegetables_primary,179393.0
Canada,1986,vegetables_primary,180604.0
Canada,1987,vegetables_primary,191136.0
Canada,1988,vegetables_primary,167439.0
Canada,1989,vegetables_primary,180927.0
Canada,1990,vegetables_primary,195879.0
Canada,1991,vegetables_primary,164739.0
Canada,1992,vegetables_primary,170348.0
Canada,1993,vegetables_primary,184446.0
Canada,1994,vegetables_primary,192428.0
Canada,1995,vegetables_primary,183940.0
Canada,1996,vegetables_primary,185332.0
Canada,1997,vegetables_primary,183333.0
Canada,1998,vegetables_primary,191992.0
Canada,1999,vegetables_primary,186656.0
Canada,2000,vegetables_primary,167539.0
Canada,2001,vegetables_primary,170255.0
Canada,2002,vegetables_primary,176113.0
Canada,2003,vegetables_primary,180991.0
Canada,2004,vegetables_primary,195514.0
Canada,2005,vegetables_primary,200705.0
Canada,2006,vegetables_primary,202541.0
Canada,2007,vegetables_primary,198881.0
Canada,2008,vegetables_primary,203555.0
Canada,2009,vegetables_primary,215280.0
Canada,2010,vegetables_primary,234850.0
Canada,2011,vegetables_primary,228996.0
Canada,2012,vegetables_primary,236513.0
Canada,2013,vegetables_primary,231446.0
Canada,2014,vegetables_primary,230688.0
Canada,2015,vegetables_primary,233555.0
Canada,2016,vegetables_primary,240027.0
Canada,2017,vegetables_primary,252701.0
Canada,2018,vegetables_primary,252387.0
Canada,2019,vegetables_primary,258079.0
